sa1_main16,bp_Easy,bp_NA,bp_Medium,bp_Hard,n,cf_Hard,cf_Medium,cf_Easy,cf_NA,rg_Easy,rg_Hard,rg_Medium,rg_NA
30101100201,8,6,0,0,14,6,8,0,0,8,6,0,0
30101100202,7,0,0,0,7,0,7,0,0,0,0,7,0
30101100203,5,7,0,0,12,0,0,5,7,5,0,0,7
30101100204,0,6,0,0,6,0,0,0,6,0,0,0,6
30101100205,8,0,8,0,16,0,7,9,0,7,1,8,0
30101100206,0,1,0,0,1,0,0,0,1,0,0,0,1
30101100207,0,1,0,0,1,0,0,0,1,0,0,0,1
30101100208,0,2,0,0,2,1,0,0,1,0,0,1,1
30101100209,0,1,1,0,2,0,0,2,0,2,0,0,0
30101100210,5,1,0,0,6,0,5,0,1,0,0,5,1
30101100211,2,0,0,0,2,0,2,0,0,2,0,0,0
30101100213,4,0,4,0,8,0,8,0,0,0,4,4,0
30101100214,4,0,0,0,4,4,0,0,0,4,0,0,0
30101100217,9,2,0,0,11,0,0,9,2,9,0,0,2
30101100218,4,0,0,0,4,0,4,0,0,4,0,0,0
30101100219,0,4,0,0,4,0,0,0,4,0,0,0,4
30101100220,0,4,4,0,8,8,0,0,0,4,0,4,0
30101100326,0,1,0,0,1,0,0,0,1,0,0,0,1
30101100407,0,1,0,0,1,0,0,0,1,0,0,0,1
30101100510,0,4,0,0,4,0,0,0,4,0,0,0,4
30103101501,0,6,0,0,6,0,0,0,6,0,0,0,6
30103101502,2,6,0,0,8,0,0,3,5,2,1,0,5
30103101503,0,2,0,0,2,0,0,2,0,2,0,0,0
30103101504,0,2,6,0,8,0,0,7,1,1,0,6,1
30103101505,2,0,0,0,2,0,1,1,0,0,0,2,0
30103101506,1,0,0,1,2,1,0,1,0,2,0,0,0
30103101507,1,0,0,0,1,0,1,0,0,1,0,0,0
30103101508,0,2,0,0,2,0,0,1,1,1,0,0,1
30103101510,0,2,2,0,4,2,0,2,0,2,1,1,0
30103101511,0,1,0,0,1,0,0,0,1,0,0,0,1
30103101512,3,0,2,0,5,3,0,2,0,2,2,1,0
30103101515,0,0,1,0,1,0,1,0,0,1,0,0,0
30103101517,1,4,1,0,6,0,1,4,1,4,0,1,1
30103101518,0,1,0,1,2,1,0,1,0,2,0,0,0
30103101519,0,4,0,0,4,0,0,1,3,1,0,0,3
30103101601,1,2,0,0,3,0,1,0,2,0,0,1,2
30103101602,0,3,0,0,3,0,0,0,3,0,0,0,3
30103101603,0,4,0,0,4,0,0,4,0,4,0,0,0
30103101604,0,3,0,0,3,0,0,0,3,0,0,0,3
30103101605,0,3,0,0,3,1,0,0,2,0,0,1,2
30103101606,2,8,0,0,10,0,0,10,0,10,0,0,0
30103101607,2,2,0,0,4,0,2,2,0,2,0,2,0
30103101609,0,2,0,0,2,0,0,0,2,0,0,0,2
30103101610,0,2,0,0,2,0,0,2,0,2,0,0,0
30103101611,2,0,0,0,2,0,0,2,0,2,0,0,0
30103101612,1,1,0,0,2,0,0,1,1,0,0,1,1
30103101613,0,3,2,0,5,2,0,3,0,3,2,0,0
30103101614,0,3,0,0,3,0,0,0,3,0,0,0,3
30103101615,4,0,2,0,6,2,0,4,0,4,0,2,0
30103101616,2,0,2,0,4,2,0,2,0,2,0,2,0
30103101618,2,2,0,0,4,0,0,4,0,4,0,0,0
30103101619,0,0,2,3,5,5,0,0,0,3,0,2,0
30103101620,2,0,4,0,6,4,0,2,0,6,0,0,0
30103101621,8,0,0,0,8,3,5,0,0,5,3,0,0
30103101622,9,4,0,0,13,0,0,13,0,13,0,0,0
30103101623,1,0,0,0,1,0,0,1,0,0,1,0,0
30103101701,0,7,0,0,7,0,0,1,6,1,0,0,6
30103101702,0,0,1,0,1,0,1,0,0,1,0,0,0
30103101707,5,0,0,0,5,0,0,5,0,5,0,0,0
30103101708,1,0,0,0,1,0,1,0,0,0,1,0,0
30103101709,4,0,0,0,4,0,0,4,0,1,3,0,0
30103101711,1,0,0,0,1,0,0,1,0,0,0,1,0
30103101801,6,1,0,0,7,0,0,6,1,0,0,6,1
30103101802,7,0,0,0,7,0,0,7,0,7,0,0,0
30103101803,0,0,5,0,5,0,0,5,0,5,0,0,0
30103101804,7,5,0,0,12,7,0,0,5,7,0,0,5
30103101805,0,0,6,0,6,0,6,0,0,6,0,0,0
30103101806,4,4,4,0,12,0,4,8,0,12,0,0,0
30103101807,6,0,0,0,6,0,3,3,0,3,0,3,0
30103101808,9,0,0,0,9,0,6,3,0,6,0,3,0
30103101809,6,3,0,0,9,0,6,3,0,3,6,0,0
30103101810,3,4,0,0,7,0,0,7,0,4,0,3,0
30103101811,3,3,0,0,6,0,3,3,0,3,0,3,0
30103101813,0,3,0,0,3,0,0,3,0,3,0,0,0
30103101814,1,0,0,0,1,0,0,1,0,1,0,0,0
30103101815,0,4,0,0,4,0,0,4,0,4,0,0,0
30103101816,0,3,0,0,3,0,0,0,3,0,0,0,3
30103101817,0,1,0,0,1,0,0,0,1,0,0,0,1
30103101818,0,0,1,0,1,1,0,0,0,1,0,0,0
30103101821,0,3,0,0,3,0,0,0,3,0,0,0,3
30103101822,3,4,0,0,7,3,0,4,0,4,0,3,0
30103101823,6,4,0,0,10,0,6,0,4,6,0,0,4
30103101824,2,2,1,0,5,0,2,3,0,3,2,0,0
30103101904,6,4,0,0,10,0,3,3,4,6,0,0,4
30103101905,0,3,0,0,3,0,0,3,0,3,0,0,0
30103101906,3,0,0,0,3,0,0,3,0,0,0,3,0
30103101908,0,2,0,0,2,0,0,0,2,0,0,0,2
30103101910,0,2,0,0,2,0,0,2,0,2,0,0,0
30103101912,3,0,0,0,3,0,0,3,0,3,0,0,0
30103101914,0,2,0,0,2,0,0,0,2,0,0,0,2
30103101915,0,3,0,0,3,0,0,0,3,0,0,0,3
30103101917,1,2,0,0,3,0,0,1,2,1,0,0,2
30103101918,0,6,0,0,6,0,0,0,6,0,0,0,6
30103101919,0,8,0,0,8,0,0,4,4,4,0,0,4
30103101921,0,6,0,0,6,0,0,0,6,0,0,0,6
30103101923,2,2,0,0,4,0,0,4,0,4,0,0,0
30103101924,0,2,0,0,2,0,0,0,2,0,0,0,2
30103102001,0,2,0,0,2,0,0,0,2,0,0,0,2
30103102002,0,6,0,0,6,0,0,5,1,5,0,0,1
30103102004,1,2,0,0,3,0,1,2,0,3,0,0,0
30103102005,11,5,0,0,16,0,6,8,2,14,0,0,2
30103102006,12,3,0,0,15,0,8,7,0,11,0,4,0
30103102007,0,4,0,0,4,0,0,2,2,2,0,0,2
30103102011,0,0,1,0,1,0,1,0,0,1,0,0,0
30103102012,3,0,0,0,3,0,1,2,0,3,0,0,0
30103102013,5,0,0,0,5,0,0,5,0,5,0,0,0
30103102014,4,1,0,0,5,1,2,2,0,5,0,0,0
30103102015,1,0,0,0,1,0,1,0,0,1,0,0,0
30103102016,3,0,0,2,5,2,0,3,0,3,2,0,0
30103102017,2,1,0,0,3,0,1,1,1,1,0,1,1
30103102019,0,8,5,2,15,0,3,9,3,9,0,3,3
30103102020,0,1,0,0,1,0,1,0,0,1,0,0,0
30103102021,0,1,1,0,2,0,0,2,0,1,1,0,0
30103102022,0,2,0,0,2,0,0,2,0,2,0,0,0
30103102023,1,0,1,0,2,0,1,1,0,0,0,2,0
30103102025,0,1,0,0,1,0,0,0,1,0,0,0,1
30103102026,0,1,0,0,1,0,0,0,1,0,0,0,1
30103102027,1,0,0,0,1,0,0,1,0,0,1,0,0
30103102028,1,1,1,0,3,1,1,1,0,1,1,1,0
30103102030,0,6,0,0,6,0,0,2,4,2,0,0,4
30103102101,2,0,0,0,2,2,0,0,0,2,0,0,0
30103102102,0,2,0,0,2,0,0,0,2,0,0,0,2
30103102103,2,4,0,0,6,2,0,2,2,4,0,0,2
30103102104,0,2,0,0,2,0,0,2,0,2,0,0,0
30103102105,0,2,0,0,2,0,0,0,2,0,0,0,2
30103102106,2,0,0,0,2,0,0,2,0,2,0,0,0
30103102107,0,10,1,0,11,1,0,0,10,0,0,1,10
30103102108,0,4,0,0,4,0,0,0,4,0,0,0,4
30103102109,2,0,0,0,2,1,0,1,0,2,0,0,0
30103102110,0,1,1,0,2,1,0,1,0,2,0,0,0
30103102111,2,2,0,0,4,0,2,1,1,3,0,0,1
30103102113,1,0,1,0,2,1,1,0,0,0,1,1,0
30103102114,1,1,1,0,3,1,1,1,0,3,0,0,0
30103102115,4,0,0,0,4,1,3,0,0,1,0,3,0
30103102116,3,0,0,0,3,0,2,1,0,2,1,0,0
30103102117,0,0,1,0,1,0,1,0,0,1,0,0,0
30103102118,2,1,0,0,3,0,2,1,0,2,0,1,0
30103102119,4,0,0,0,4,4,0,0,0,0,4,0,0
30103102120,1,1,1,0,3,0,0,2,1,1,0,1,1
30103102121,2,1,0,0,3,0,1,2,0,2,0,1,0
30103102122,0,4,0,0,4,0,0,0,4,0,0,0,4
30103102124,1,0,0,0,1,0,0,1,0,1,0,0,0
30103102127,1,0,0,0,1,0,0,1,0,1,0,0,0
30103102128,1,0,1,0,2,0,2,0,0,2,0,0,0
30103102129,0,0,1,0,1,0,0,1,0,1,0,0,0
30103102131,10,0,0,0,10,0,5,5,0,5,0,5,0
30103102132,0,2,0,0,2,0,0,0,2,0,0,0,2
30103102134,0,0,1,0,1,1,0,0,0,0,0,1,0
30103102137,0,3,0,0,3,0,0,0,3,0,0,0,3
30103102138,0,1,0,0,1,1,0,0,0,0,1,0,0
30103102139,2,2,0,0,4,0,0,2,2,0,0,2,2
30103102140,0,1,0,0,1,0,0,0,1,0,0,0,1
30201102201,0,1,0,0,1,0,0,1,0,1,0,0,0
30201102205,2,2,0,0,4,0,1,2,1,3,0,0,1
30201102206,0,4,0,0,4,0,0,0,4,0,0,0,4
30201102207,2,0,0,0,2,0,2,0,0,2,0,0,0
30201102208,0,0,1,0,1,0,0,1,0,1,0,0,0
30201102209,0,0,1,0,1,1,0,0,0,1,0,0,0
30201102217,0,2,0,0,2,0,0,1,1,1,0,0,1
30201102220,0,0,1,0,1,0,0,1,0,1,0,0,0
30201102221,0,0,4,0,4,3,0,1,0,4,0,0,0
30201102223,1,0,0,0,1,0,0,1,0,1,0,0,0
30201102225,0,1,0,0,1,0,0,0,1,0,0,0,1
30201102226,0,0,1,0,1,1,0,0,0,1,0,0,0
30201102227,1,0,0,0,1,0,0,1,0,1,0,0,0
30201102228,0,1,0,0,1,0,0,0,1,0,0,0,1
30201102229,0,0,1,0,1,0,0,1,0,1,0,0,0
30201102230,0,3,0,0,3,0,0,3,0,3,0,0,0
30201102301,0,3,0,0,3,0,0,0,3,0,0,0,3
30201102307,0,2,0,0,2,0,0,0,2,0,0,0,2
30201102311,2,0,0,0,2,0,2,0,0,2,0,0,0
30201102312,2,0,0,0,2,0,0,2,0,0,2,0,0
30201102313,4,2,2,0,8,2,2,2,2,0,0,6,2
30201102315,1,0,0,0,1,0,0,1,0,1,0,0,0
30201102316,0,2,0,0,2,0,0,0,2,0,0,0,2
30201102317,3,0,0,0,3,0,0,3,0,3,0,0,0
30201102318,0,3,0,0,3,0,0,3,0,3,0,0,0
30201102319,0,0,5,0,5,0,3,2,0,3,2,0,0
30201102401,3,3,0,0,6,0,0,6,0,5,0,1,0
30201102403,2,4,0,0,6,0,0,6,0,6,0,0,0
30201102406,0,1,0,0,1,0,0,1,0,1,0,0,0
30201102407,0,6,0,0,6,0,0,6,0,6,0,0,0
30201102409,0,0,0,1,1,0,0,1,0,0,0,1,0
30201102410,4,0,0,0,4,0,4,0,0,4,0,0,0
30201102412,0,0,0,1,1,1,0,0,0,1,0,0,0
30201102413,0,0,1,1,2,1,0,1,0,0,1,1,0
30201102414,1,0,0,0,1,0,0,1,0,1,0,0,0
30201102415,3,0,0,0,3,0,0,3,0,3,0,0,0
30201102416,1,0,0,0,1,0,0,1,0,0,0,1,0
30201102417,0,1,0,0,1,0,0,1,0,1,0,0,0
30201102418,1,4,0,0,5,0,0,5,0,5,0,0,0
30201102419,0,1,0,0,1,0,0,1,0,1,0,0,0
30201102421,0,1,0,0,1,0,0,0,1,0,0,0,1
30201102422,0,0,1,0,1,0,0,1,0,1,0,0,0
30201102423,3,0,0,0,3,0,0,3,0,3,0,0,0
30201102424,3,1,0,0,4,0,0,4,0,4,0,0,0
30201102501,0,1,2,0,3,2,0,1,0,1,0,2,0
30201102502,5,0,0,0,5,0,0,5,0,5,0,0,0
30201102503,0,3,0,1,4,0,0,1,3,0,0,1,3
30201102504,0,0,0,1,1,0,1,0,0,0,0,1,0
30201102505,0,0,6,0,6,0,0,6,0,1,5,0,0
30201102506,6,0,3,0,9,2,0,7,0,2,1,6,0
30201102507,2,2,0,0,4,0,0,3,1,3,0,0,1
30201102508,7,2,0,0,9,0,0,9,0,9,0,0,0
30201102509,2,4,0,0,6,2,0,2,2,2,2,0,2
30201102510,0,8,1,0,9,2,0,7,0,8,1,0,0
30201102511,0,8,2,0,10,0,0,4,6,4,0,0,6
30201102514,0,0,2,0,2,2,0,0,0,2,0,0,0
30201102515,0,0,3,0,3,3,0,0,0,3,0,0,0
30201102516,1,0,1,1,3,1,0,2,0,2,1,0,0
30201102517,2,2,0,0,4,2,0,2,0,2,2,0,0
30201102518,3,0,0,0,3,0,0,3,0,0,0,3,0
30201102519,0,0,1,0,1,0,1,0,0,0,0,1,0
30201102602,0,2,0,0,2,0,0,0,2,0,0,0,2
30201102603,0,0,0,2,2,0,0,2,0,0,2,0,0
30201102605,1,2,0,0,3,0,0,3,0,3,0,0,0
30201102606,0,2,0,0,2,0,0,2,0,2,0,0,0
30201102607,8,0,0,2,10,0,0,10,0,3,3,4,0
30201102608,2,0,0,0,2,0,0,2,0,2,0,0,0
30201102611,1,0,0,0,1,0,0,1,0,0,0,1,0
30201102612,3,0,0,0,3,0,0,3,0,0,0,3,0
30201102614,2,0,2,0,4,0,0,4,0,2,0,2,0
30201102615,2,0,0,0,2,0,0,2,0,2,0,0,0
30201102616,8,1,0,0,9,1,2,6,0,6,1,2,0
30201102617,2,0,2,0,4,0,0,4,0,2,0,2,0
30202102701,0,1,1,0,2,1,0,1,0,2,0,0,0
30202102705,0,1,1,0,2,0,1,1,0,2,0,0,0
30202102706,4,4,4,0,12,4,4,0,4,4,0,4,4
30202102708,8,1,0,0,9,0,4,5,0,9,0,0,0
30202102709,2,1,0,0,3,0,0,3,0,3,0,0,0
30202102711,0,6,0,0,6,0,0,0,6,0,0,0,6
30202102712,2,0,0,0,2,0,0,2,0,0,2,0,0
30202102713,0,1,0,0,1,0,0,1,0,1,0,0,0
30202102716,9,0,0,0,9,9,0,0,0,9,0,0,0
30202102717,7,4,0,0,11,0,1,10,0,4,1,6,0
30202102718,3,0,0,0,3,0,0,3,0,3,0,0,0
30202102720,0,0,0,2,2,0,2,0,0,0,0,2,0
30202102721,0,5,0,0,5,0,0,1,4,1,0,0,4
30202102722,0,1,0,0,1,0,0,1,0,1,0,0,0
30202102723,0,1,0,0,1,0,0,1,0,1,0,0,0
30202102724,0,1,0,1,2,0,1,1,0,1,1,0,0
30202102725,1,0,0,0,1,0,0,1,0,1,0,0,0
30202102726,4,0,1,0,5,0,0,5,0,5,0,0,0
30202102727,4,0,1,0,5,0,0,5,0,5,0,0,0
30202102728,1,1,0,0,2,1,0,0,1,0,1,0,1
30202102730,0,2,0,0,2,0,0,2,0,2,0,0,0
30202102731,1,0,0,0,1,0,1,0,0,1,0,0,0
30202102732,1,0,0,0,1,0,0,1,0,1,0,0,0
30202102733,0,5,0,0,5,0,0,1,4,1,0,0,4
30202102734,3,0,0,0,3,0,0,3,0,3,0,0,0
30202102736,6,3,0,0,9,0,0,9,0,9,0,0,0
30202102738,3,0,0,0,3,0,0,3,0,3,0,0,0
30202102739,3,0,0,0,3,0,0,3,0,3,0,0,0
30202102740,2,0,0,0,2,0,0,2,0,2,0,0,0
30202102802,0,0,9,0,9,0,0,9,0,0,0,9,0
30202102803,0,4,1,0,5,1,0,4,0,5,0,0,0
30202102804,0,5,0,0,5,4,0,1,0,1,0,4,0
30202102806,3,2,1,0,6,1,0,5,0,6,0,0,0
30202102807,0,4,0,0,4,0,0,4,0,4,0,0,0
30202102808,3,8,0,0,11,0,0,11,0,11,0,0,0
30202102809,1,2,0,0,3,0,0,2,1,2,0,0,1
30202102810,2,4,0,0,6,0,0,4,2,4,0,0,2
30202102812,0,0,2,0,2,0,0,2,0,2,0,0,0
30202102814,6,0,0,0,6,0,6,0,0,2,0,4,0
30202102815,1,1,2,0,4,0,3,1,0,4,0,0,0
30202102816,14,0,5,0,19,0,12,7,0,19,0,0,0
30202102817,4,4,3,0,11,3,0,8,0,7,0,4,0
30202102818,0,4,1,0,5,1,0,4,0,4,1,0,0
30202102819,0,0,2,0,2,0,0,2,0,2,0,0,0
30202102820,8,2,0,0,10,0,0,8,2,0,0,8,2
30202102821,3,0,0,0,3,0,0,3,0,3,0,0,0
30202102822,2,8,0,0,10,0,0,6,4,6,0,0,4
30202102824,5,0,0,0,5,0,0,5,0,5,0,0,0
30202102901,1,0,6,0,7,1,0,6,0,0,1,6,0
30202102902,0,0,5,2,7,0,0,7,0,2,0,5,0
30202102904,0,0,2,0,2,2,0,0,0,0,2,0,0
30202102905,0,6,0,0,6,0,0,6,0,6,0,0,0
30202102906,0,3,0,0,3,0,0,0,3,0,0,0,3
30202102908,0,4,0,0,4,0,0,4,0,4,0,0,0
30202102909,3,2,0,0,5,0,3,0,2,0,0,3,2
30202102910,6,0,0,0,6,0,0,6,0,0,0,6,0
30202102911,6,0,0,0,6,0,0,6,0,0,6,0,0
30202102912,0,0,1,0,1,1,0,0,0,0,0,1,0
30202102913,0,0,5,0,5,2,0,3,0,3,0,2,0
30202102914,0,0,3,0,3,0,0,3,0,3,0,0,0
30202102915,2,0,3,0,5,0,0,5,0,0,0,5,0
30202102916,0,0,1,0,1,0,0,1,0,0,1,0,0
30202102917,0,2,0,0,2,0,0,1,1,1,0,0,1
30202103001,0,0,3,0,3,3,0,0,0,3,0,0,0
30202103002,1,1,0,1,3,1,0,2,0,2,0,1,0
30202103003,0,0,1,0,1,1,0,0,0,0,0,1,0
30202103004,4,0,3,0,7,0,0,7,0,0,4,3,0
30202103005,5,0,5,0,10,0,4,6,0,5,0,5,0
30202103006,1,4,1,0,6,1,1,0,4,2,0,0,4
30202103007,1,2,1,0,4,1,0,1,2,2,0,0,2
30202103008,0,0,3,0,3,3,0,0,0,0,3,0,0
30202103009,0,3,2,0,5,0,1,1,3,1,0,1,3
30202103010,0,4,0,0,4,0,0,0,4,0,0,0,4
30202103011,7,2,0,0,9,0,0,7,2,7,0,0,2
30202103101,0,2,0,0,2,0,0,2,0,2,0,0,0
30202103102,1,0,0,0,1,0,0,1,0,1,0,0,0
30202103103,2,0,0,0,2,0,0,2,0,2,0,0,0
30202103104,0,1,0,0,1,0,0,0,1,0,0,0,1
30202103105,4,1,0,0,5,0,2,2,1,0,2,2,1
30202103106,4,2,0,0,6,0,2,4,0,4,2,0,0
30202103107,1,0,0,0,1,0,0,1,0,0,0,1,0
30202103108,5,0,0,0,5,0,0,5,0,5,0,0,0
30202103109,1,0,0,0,1,1,0,0,0,0,0,1,0
30202103110,2,0,2,0,4,1,0,3,0,3,1,0,0
30202103112,1,0,0,0,1,0,1,0,0,0,0,1,0
30202103113,2,1,0,0,3,0,0,3,0,3,0,0,0
30202103114,0,0,1,0,1,0,0,1,0,0,0,1,0
30202103115,0,2,0,2,4,1,0,3,0,4,0,0,0
30202103116,1,4,3,0,8,1,2,3,2,4,2,0,2
30202103117,6,3,0,0,9,0,0,7,2,7,0,0,2
30202103118,2,2,0,0,4,1,0,3,0,1,1,2,0
30202103119,0,5,0,0,5,0,0,3,2,3,0,0,2
30202103122,3,0,0,0,3,0,2,1,0,1,0,2,0
30202103123,1,0,0,0,1,0,0,1,0,0,1,0,0
30202103124,0,1,0,0,1,0,0,0,1,0,0,0,1
30202103125,2,0,0,0,2,0,0,2,0,2,0,0,0
30202103127,0,3,0,0,3,0,0,3,0,3,0,0,0
30202103130,2,4,0,0,6,0,0,6,0,4,0,2,0
30202103131,2,6,0,0,8,0,0,8,0,8,0,0,0
30202103132,4,0,2,0,6,6,0,0,0,2,4,0,0
30202103202,3,4,0,0,7,0,0,4,3,1,3,0,3
30202103204,1,0,0,0,1,1,0,0,0,1,0,0,0
30202103205,0,2,2,2,6,4,0,0,2,0,2,2,2
30202103206,4,2,0,0,6,0,4,0,2,4,0,0,2
30202103208,0,0,2,0,2,1,1,0,0,1,1,0,0
30202103210,4,2,4,0,10,0,2,8,0,4,0,6,0
30202103211,0,0,2,0,2,2,0,0,0,0,2,0,0
30202103212,7,4,0,0,11,0,7,0,4,7,0,0,4
30202103213,0,2,2,0,4,0,2,2,0,4,0,0,0
30202103214,0,4,4,0,8,3,1,4,0,4,1,3,0
30202103215,1,1,1,0,3,1,0,1,1,0,1,1,1
30202103216,0,0,3,0,3,3,0,0,0,0,3,0,0
30202103217,1,0,1,0,2,0,1,1,0,1,0,1,0
30202103218,0,3,5,0,8,6,0,0,2,2,0,4,2
30202103219,0,0,3,0,3,3,0,0,0,0,0,3,0
30202103220,0,0,3,0,3,0,0,3,0,3,0,0,0
30202103221,6,0,0,7,13,7,0,6,0,6,0,7,0
30202103222,0,1,1,0,2,1,0,1,0,2,0,0,0
30202103223,3,0,0,0,3,0,0,3,0,3,0,0,0
30202103224,10,0,0,0,10,6,0,4,0,10,0,0,0
30202103225,0,3,1,0,4,0,1,0,3,1,0,0,3
30202103301,2,0,2,0,4,0,4,0,0,0,4,0,0
30202103302,1,1,0,0,2,0,0,2,0,2,0,0,0
30202103304,1,2,0,0,3,0,0,3,0,2,1,0,0
30202103305,3,0,0,0,3,1,0,2,0,0,1,2,0
30202103306,3,3,0,0,6,3,1,2,0,2,3,1,0
30202103308,0,1,0,0,1,0,0,1,0,1,0,0,0
30202103309,0,0,2,0,2,2,0,0,0,0,0,2,0
30202103310,0,7,0,0,7,0,0,2,5,2,0,0,5
30202103311,2,1,0,0,3,0,2,0,1,0,2,0,1
30202103312,0,1,2,0,3,1,0,2,0,2,0,1,0
30202103314,0,0,0,2,2,2,0,0,0,0,2,0,0
30202103315,2,2,0,1,5,0,1,4,0,5,0,0,0
30202103401,5,0,0,0,5,0,0,5,0,5,0,0,0
30202103402,0,3,4,0,7,3,0,4,0,3,4,0,0
30202103403,1,0,0,1,2,0,1,1,0,1,0,1,0
30202103405,3,0,3,0,6,3,3,0,0,3,3,0,0
30202103406,2,0,0,0,2,0,2,0,0,0,1,1,0
30202103407,2,0,0,0,2,0,0,2,0,0,0,2,0
30202103408,0,1,0,0,1,0,0,1,0,1,0,0,0
30202103409,4,0,1,0,5,1,4,0,0,0,2,3,0
30202103410,3,0,3,0,6,5,0,1,0,0,3,3,0
30202103411,5,0,3,0,8,0,5,3,0,4,0,4,0
30202103412,2,3,2,0,7,4,0,3,0,5,0,2,0
30202103413,2,0,2,0,4,2,2,0,0,0,0,4,0
30202103414,2,3,0,0,5,3,0,2,0,0,5,0,0
30202103415,3,3,2,0,8,4,0,4,0,5,3,0,0
30202103416,2,0,2,0,4,0,2,2,0,0,4,0,0
30202103417,0,0,0,2,2,2,0,0,0,2,0,0,0
30202103418,0,4,0,0,4,0,0,4,0,4,0,0,0
30202103419,2,0,2,0,4,2,0,2,0,0,0,4,0
30202103420,1,2,0,0,3,0,0,3,0,3,0,0,0
30202103421,1,0,1,0,2,0,1,1,0,0,2,0,0
30202103422,1,1,2,0,4,3,0,1,0,3,0,1,0
30202103423,1,3,0,1,5,1,0,3,1,3,0,1,1
30203103501,4,0,0,2,6,2,0,4,0,4,2,0,0
30203103502,0,2,0,0,2,0,0,1,1,1,0,0,1
30203103504,1,0,0,0,1,1,0,0,0,0,0,1,0
30203103505,0,1,1,0,2,0,1,1,0,2,0,0,0
30203103506,4,1,1,0,6,0,1,5,0,3,0,3,0
30203103507,0,1,0,0,1,0,0,1,0,1,0,0,0
30203103508,0,0,1,0,1,0,1,0,0,0,0,1,0
30203103509,0,0,1,0,1,0,1,0,0,1,0,0,0
30203103510,0,0,1,0,1,1,0,0,0,1,0,0,0
30203103511,1,1,3,0,5,1,2,2,0,4,0,1,0
30203103512,0,0,1,0,1,0,1,0,0,1,0,0,0
30203103513,4,0,0,0,4,0,4,0,0,4,0,0,0
30203103514,0,1,0,0,1,0,0,1,0,1,0,0,0
30203103515,0,1,0,0,1,0,0,1,0,1,0,0,0
30203103517,1,0,0,0,1,0,1,0,0,1,0,0,0
30203103518,3,0,0,0,3,0,1,2,0,3,0,0,0
30203103519,5,0,0,0,5,4,0,1,0,1,4,0,0
30203103520,5,1,0,0,6,3,2,1,0,6,0,0,0
30203103521,0,2,0,0,2,0,0,0,2,0,0,0,2
30203103602,0,0,1,0,1,0,0,1,0,1,0,0,0
30203103603,0,3,0,2,5,0,0,2,3,2,0,0,3
30203103701,6,8,0,0,14,0,5,5,4,7,2,1,4
30203103703,0,1,0,0,1,0,0,0,1,0,0,0,1
30203103704,7,11,2,2,22,4,0,11,7,13,0,2,7
30203103801,0,3,0,1,4,0,0,2,2,2,0,0,2
30203103802,3,0,1,0,4,1,0,3,0,3,1,0,0
30203103803,1,1,0,0,2,0,0,1,1,1,0,0,1
30203103804,0,1,1,0,2,0,0,1,1,1,0,0,1
30203103805,0,1,3,0,4,2,0,1,1,3,0,0,1
30203103806,0,11,0,0,11,0,0,0,11,0,0,0,11
30203103807,1,0,0,0,1,0,0,1,0,1,0,0,0
30203103808,1,6,2,0,9,1,0,3,5,4,0,0,5
30203103812,0,1,2,1,4,2,0,2,0,4,0,0,0
30203103814,0,0,3,0,3,2,0,1,0,2,0,1,0
30203103815,2,10,4,0,16,1,0,7,8,8,0,0,8
30203103816,0,0,2,0,2,0,0,2,0,2,0,0,0
30203103902,1,0,0,0,1,0,0,1,0,1,0,0,0
30203103904,4,0,0,0,4,0,0,4,0,4,0,0,0
30203103905,1,1,0,0,2,0,0,2,0,2,0,0,0
30203103906,0,3,0,0,3,0,1,2,0,3,0,0,0
30203103908,0,0,0,4,4,0,0,4,0,2,0,2,0
30203103909,3,0,2,0,5,0,0,5,0,5,0,0,0
30203103911,0,1,2,0,3,1,1,1,0,2,1,0,0
30203103915,0,1,0,0,1,0,0,1,0,1,0,0,0
30203103916,1,4,1,0,6,1,1,1,3,3,0,0,3
30203103917,0,2,0,0,2,0,0,0,2,0,0,0,2
30203103918,0,0,1,0,1,1,0,0,0,1,0,0,0
30203103919,0,0,1,0,1,0,1,0,0,1,0,0,0
30203103920,1,2,3,0,6,1,1,4,0,6,0,0,0
30203103921,1,1,0,0,2,1,0,1,0,2,0,0,0
30203103922,3,1,0,0,4,0,1,3,0,4,0,0,0
30203103923,2,0,0,0,2,0,0,2,0,1,0,1,0
30203103924,0,1,1,0,2,0,0,2,0,2,0,0,0
30203103926,1,0,1,0,2,1,1,0,0,2,0,0,0
30203103927,1,0,0,0,1,0,1,0,0,1,0,0,0
30203103928,1,1,0,0,2,0,0,1,1,1,0,0,1
30203104002,0,0,1,0,1,1,0,0,0,0,0,1,0
30203104003,2,0,3,0,5,2,1,2,0,3,1,1,0
30203104004,0,1,2,0,3,0,0,3,0,3,0,0,0
30203104005,0,1,1,0,2,1,0,1,0,2,0,0,0
30203104006,1,4,0,0,5,0,1,0,4,1,0,0,4
30203104007,2,0,0,0,2,0,0,2,0,1,0,1,0
30203104008,0,1,2,0,3,1,1,0,1,2,0,0,1
30203104009,0,2,2,0,4,0,0,4,0,4,0,0,0
30203104010,4,0,0,0,4,0,4,0,0,0,2,2,0
30203104011,11,2,0,0,13,0,7,6,0,11,2,0,0
30203104012,2,0,0,0,2,1,1,0,0,1,0,1,0
30203104014,0,7,5,6,18,0,0,15,3,15,0,0,3
30203104015,1,0,0,0,1,1,0,0,0,1,0,0,0
30203104017,4,1,1,1,7,4,1,2,0,5,2,0,0
30203104018,3,1,0,0,4,2,1,0,1,0,3,0,1
30203104019,1,0,1,0,2,0,1,1,0,1,0,1,0
30203104020,0,1,2,0,3,2,0,1,0,1,0,2,0
30203104022,4,6,0,0,10,0,2,5,3,3,0,4,3
30203104023,0,5,4,0,9,0,4,2,3,6,0,0,3
30204104101,5,0,0,0,5,0,5,0,0,0,0,5,0
30204104102,0,0,1,0,1,1,0,0,0,1,0,0,0
30204104103,0,0,3,0,3,0,0,3,0,3,0,0,0
30204104104,1,0,1,0,2,0,0,2,0,1,0,1,0
30204104105,0,1,0,0,1,0,0,1,0,1,0,0,0
30204104107,0,0,2,0,2,0,2,0,0,0,0,2,0
30204104108,0,1,0,0,1,0,0,1,0,1,0,0,0
30204104109,2,1,0,0,3,1,0,2,0,2,1,0,0
30204104110,0,4,0,0,4,0,0,4,0,4,0,0,0
30204104111,0,9,0,0,9,0,0,9,0,9,0,0,0
30204104112,2,1,0,0,3,0,1,2,0,3,0,0,0
30204104118,0,3,0,0,3,0,0,3,0,3,0,0,0
30204104119,0,2,0,0,2,0,0,2,0,2,0,0,0
30204104121,3,3,0,0,6,0,0,3,3,0,0,3,3
30204104123,0,3,2,0,5,0,0,5,0,5,0,0,0
30204104124,0,0,3,0,3,0,0,3,0,2,0,1,0
30204104125,0,5,3,0,8,0,0,8,0,8,0,0,0
30204104127,1,1,0,0,2,0,1,0,1,1,0,0,1
30204104129,0,2,0,0,2,0,0,0,2,0,0,0,2
30204104130,6,0,0,0,6,0,6,0,0,0,2,4,0
30204104131,0,0,4,0,4,4,0,0,0,4,0,0,0
30204104132,3,1,0,0,4,0,3,1,0,4,0,0,0
30204104134,0,3,2,1,6,3,0,3,0,3,0,3,0
30204104136,0,1,1,0,2,1,0,1,0,1,1,0,0
30204104137,0,5,0,0,5,0,0,5,0,5,0,0,0
30204104138,3,3,0,0,6,1,0,3,2,3,0,1,2
30204104139,0,3,0,0,3,0,0,3,0,3,0,0,0
30204104140,0,3,0,0,3,0,0,0,3,0,0,0,3
30204104142,0,1,0,0,1,0,0,0,1,0,0,0,1
30204104202,0,1,0,0,1,0,0,1,0,1,0,0,0
30204104204,0,2,0,0,2,0,0,2,0,2,0,0,0
30204104205,0,4,0,0,4,0,0,2,2,2,0,0,2
30204104206,3,0,0,0,3,0,3,0,0,2,1,0,0
30204104207,2,0,0,0,2,0,0,2,0,2,0,0,0
30204104208,1,2,0,0,3,0,0,3,0,3,0,0,0
30204104209,3,0,0,0,3,1,0,2,0,3,0,0,0
30204104211,1,0,0,0,1,0,0,1,0,1,0,0,0
30204104212,3,0,1,0,4,0,3,1,0,4,0,0,0
30204104213,2,2,0,0,4,0,0,2,2,2,0,0,2
30204104214,2,0,0,0,2,0,1,1,0,2,0,0,0
30204104215,3,0,0,0,3,0,1,2,0,3,0,0,0
30204104217,1,1,1,0,3,0,0,3,0,3,0,0,0
30204104218,1,1,0,1,3,2,0,1,0,1,0,2,0
30204104219,1,2,0,0,3,0,0,3,0,2,1,0,0
30204104220,3,0,0,0,3,0,2,1,0,3,0,0,0
30204104221,1,0,0,1,2,1,1,0,0,1,0,1,0
30204104222,2,1,0,0,3,1,0,2,0,2,0,1,0
30204104225,0,1,1,0,2,0,1,1,0,1,0,1,0
30204104226,0,4,0,0,4,0,0,2,2,2,0,0,2
30204104229,3,0,0,0,3,0,0,3,0,3,0,0,0
30204104301,0,1,0,0,1,0,0,1,0,1,0,0,0
30204104302,6,1,3,0,10,0,3,7,0,10,0,0,0
30204104303,0,3,0,0,3,0,0,0,3,0,0,0,3
30204104305,0,3,0,0,3,0,0,0,3,0,0,0,3
30204104306,4,2,0,0,6,1,0,3,2,3,0,1,2
30204104307,1,0,0,0,1,0,0,1,0,1,0,0,0
30204104308,0,1,1,0,2,0,1,0,1,1,0,0,1
30204104309,1,1,0,2,4,1,2,1,0,3,1,0,0
30204104310,0,1,0,0,1,0,0,0,1,0,0,0,1
30204104401,1,2,0,0,3,0,0,2,1,2,0,0,1
30204104402,8,0,0,0,8,0,0,8,0,8,0,0,0
30204104403,0,0,4,0,4,4,0,0,0,0,0,4,0
30204104404,8,3,4,3,18,2,5,9,2,12,0,4,2
30204104406,5,0,0,0,5,0,0,5,0,0,0,5,0
30204104407,0,3,0,0,3,0,0,0,3,0,0,0,3
30204104408,0,5,0,0,5,0,0,0,5,0,0,0,5
30204104410,0,2,0,0,2,0,0,0,2,0,0,0,2
30204104411,0,1,0,0,1,0,0,0,1,0,0,0,1
30204104413,2,0,0,0,2,0,0,2,0,2,0,0,0
30204104414,2,0,0,0,2,0,2,0,0,2,0,0,0
30204104416,0,0,0,2,2,0,0,2,0,0,0,2,0
30204104417,2,1,1,0,4,1,2,0,1,2,0,1,1
30204104501,3,0,0,0,3,0,3,0,0,3,0,0,0
30204104504,0,1,0,0,1,0,0,0,1,0,0,0,1
30204104508,1,0,2,0,3,2,0,1,0,3,0,0,0
30204104509,0,0,1,0,1,0,0,1,0,1,0,0,0
30204104510,0,6,0,0,6,0,0,5,1,5,0,0,1
30204104515,0,1,0,0,1,0,0,0,1,0,0,0,1
30204104516,0,3,0,0,3,0,0,0,3,0,0,0,3
30204104517,4,4,0,0,8,0,0,4,4,4,0,0,4
30204104520,4,0,0,0,4,0,0,4,0,4,0,0,0
30204104523,0,4,0,0,4,0,0,0,4,0,0,0,4
30204104524,3,2,0,0,5,0,3,0,2,3,0,0,2
30204104526,0,1,0,0,1,0,0,0,1,0,0,0,1
30204104529,1,0,0,0,1,0,1,0,0,0,0,1,0
30204104531,0,1,0,0,1,0,0,0,1,0,0,0,1
30204104532,1,0,0,0,1,0,0,1,0,1,0,0,0
30204104533,0,1,0,0,1,0,0,0,1,0,0,0,1
30204104534,1,0,0,0,1,0,1,0,0,1,0,0,0
30204104535,2,1,0,0,3,0,0,2,1,2,0,0,1
30204104536,0,1,0,0,1,0,0,0,1,0,0,0,1
30204104537,0,2,0,0,2,0,0,2,0,2,0,0,0
30204104538,0,2,0,0,2,0,0,0,2,0,0,0,2
30204104539,1,0,0,0,1,0,0,1,0,1,0,0,0
30204104540,1,0,0,0,1,0,0,1,0,1,0,0,0
30204104601,0,4,2,0,6,0,0,6,0,4,0,2,0
30204104602,0,2,0,1,3,0,0,3,0,3,0,0,0
30204104603,0,5,0,0,5,0,0,3,2,3,0,0,2
30204104604,0,0,1,0,1,1,0,0,0,0,0,1,0
30204104605,1,1,0,0,2,0,1,1,0,2,0,0,0
30204104606,3,1,1,0,5,2,0,3,0,5,0,0,0
30204104607,2,2,2,0,6,1,2,3,0,3,2,1,0
30204104608,1,0,0,0,1,0,0,1,0,1,0,0,0
30204104609,2,0,1,0,3,0,3,0,0,1,0,2,0
30204104610,1,1,1,0,3,0,1,2,0,2,0,1,0
30204104611,1,6,6,0,13,1,0,12,0,7,0,6,0
30204104612,0,5,0,0,5,0,0,0,5,0,0,0,5
30204104613,1,1,0,0,2,1,0,1,0,2,0,0,0
30204104614,2,1,1,0,4,1,2,1,0,3,0,1,0
30204104615,1,0,1,0,2,0,1,1,0,1,0,1,0
30204104616,5,3,7,0,15,10,0,2,3,2,10,0,3
30204104618,9,0,0,0,9,0,3,6,0,3,6,0,0
30204104620,0,0,1,0,1,1,0,0,0,0,0,1,0
30204104621,0,4,0,0,4,0,0,0,4,0,0,0,4
30204104622,0,3,0,0,3,0,0,3,0,3,0,0,0
30301104701,0,0,7,0,7,0,7,0,0,7,0,0,0
30301104702,0,0,2,0,2,0,0,2,0,1,1,0,0
30301104703,0,0,1,0,1,0,0,1,0,0,0,1,0
30301104704,0,0,1,0,1,0,0,1,0,1,0,0,0
30301104705,3,1,0,0,4,0,0,4,0,4,0,0,0
30301104707,0,0,6,0,6,6,0,0,0,0,6,0,0
30301104710,0,0,6,0,6,3,3,0,0,0,6,0,0
30301104711,0,0,4,0,4,4,0,0,0,4,0,0,0
30301104712,3,0,4,0,7,0,3,4,0,4,0,3,0
30301104713,0,0,9,0,9,0,9,0,0,0,9,0,0
30301104714,0,0,2,0,2,2,0,0,0,0,2,0,0
30301104715,2,0,6,0,8,5,3,0,0,3,0,5,0
30301104718,0,0,5,0,5,0,0,5,0,5,0,0,0
30301104719,0,3,0,2,5,2,0,0,3,2,0,0,3
30301104720,0,0,2,0,2,2,0,0,0,2,0,0,0
30301104721,3,1,0,0,4,0,0,3,1,3,0,0,1
30301104722,2,2,0,0,4,0,0,2,2,2,0,0,2
30301104723,0,0,2,0,2,0,2,0,0,0,0,2,0
30301104724,1,3,1,1,6,1,1,4,0,4,2,0,0
30301104725,0,2,0,0,2,0,0,2,0,2,0,0,0
30301104801,4,2,0,0,6,0,0,4,2,0,0,4,2
30301104802,0,1,1,0,2,0,0,1,1,0,0,1,1
30301104803,5,0,0,0,5,0,1,4,0,5,0,0,0
30301104804,3,0,0,0,3,1,0,2,0,3,0,0,0
30301104805,1,0,0,1,2,0,1,1,0,2,0,0,0
30301104806,4,4,3,0,11,0,0,7,4,5,0,2,4
30301104807,0,0,3,0,3,0,0,3,0,3,0,0,0
30301104808,1,0,0,0,1,0,1,0,0,0,0,1,0
30301104809,3,0,0,0,3,0,0,3,0,2,0,1,0
30301104810,2,1,0,0,3,1,0,2,0,3,0,0,0
30301104811,0,2,0,3,5,3,0,2,0,5,0,0,0
30301104812,4,4,0,0,8,0,1,3,4,3,1,0,4
30301104813,5,4,0,0,9,0,0,5,4,5,0,0,4
30301104814,0,0,2,3,5,3,0,2,0,2,0,3,0
30301104903,4,0,2,0,6,0,0,6,0,2,4,0,0
30301104904,0,3,0,0,3,0,0,3,0,3,0,0,0
30301104905,0,2,0,0,2,0,0,0,2,0,0,0,2
30301104907,2,0,0,0,2,2,0,0,0,0,0,2,0
30301104910,0,0,3,3,6,3,3,0,0,3,3,0,0
30301104911,3,0,0,0,3,3,0,0,0,3,0,0,0
30301104912,3,4,5,0,12,2,6,0,4,5,3,0,4
30301104913,2,0,0,0,2,0,2,0,0,0,0,2,0
30301104914,0,4,2,0,6,0,0,6,0,4,0,2,0
30301104915,0,0,3,0,3,0,0,3,0,0,3,0,0
30301104916,3,0,0,0,3,0,0,3,0,3,0,0,0
30301104917,4,0,1,0,5,1,0,4,0,3,1,1,0
30301104918,0,0,13,0,13,4,9,0,0,13,0,0,0
30301104919,0,0,4,0,4,0,0,4,0,0,0,4,0
30301104920,0,2,0,0,2,0,0,2,0,2,0,0,0
30301104922,0,0,8,0,8,0,6,2,0,6,0,2,0
30301104923,6,0,0,0,6,0,0,6,0,0,0,6,0
30301104924,3,0,3,0,6,0,3,3,0,6,0,0,0
30301105001,4,0,1,0,5,1,1,3,0,1,3,1,0
30301105002,0,1,6,0,7,4,2,1,0,3,4,0,0
30301105003,1,2,0,0,3,1,0,2,0,3,0,0,0
30301105004,1,1,0,0,2,0,0,2,0,2,0,0,0
30301105005,0,1,2,0,3,2,0,1,0,1,0,2,0
30301105006,0,0,2,2,4,4,0,0,0,0,4,0,0
30301105007,0,3,0,0,3,0,0,3,0,3,0,0,0
30301105008,4,2,2,0,8,0,2,6,0,4,4,0,0
30301105009,2,1,0,0,3,0,0,3,0,1,2,0,0
30301105011,4,0,2,0,6,3,3,0,0,2,4,0,0
30301105012,1,2,0,1,4,0,0,4,0,2,2,0,0
30301105013,0,3,0,0,3,0,0,3,0,3,0,0,0
30301105014,3,6,0,0,9,0,3,6,0,6,0,3,0
30301105015,3,0,0,0,3,0,3,0,0,3,0,0,0
30301105102,4,7,0,0,11,0,4,7,0,11,0,0,0
30301105103,1,6,0,0,7,1,0,6,0,6,1,0,0
30301105104,3,3,3,0,9,0,3,6,0,9,0,0,0
30301105105,3,5,0,0,8,3,0,5,0,8,0,0,0
30301105106,3,8,0,0,11,0,0,4,7,4,0,0,7
30301105107,2,0,0,0,2,0,1,1,0,0,0,2,0
30301105108,0,2,0,0,2,0,0,0,2,0,0,0,2
30301105111,0,2,0,0,2,0,0,2,0,2,0,0,0
30301105112,4,0,0,0,4,0,0,4,0,0,4,0,0
30301105117,2,0,0,0,2,0,2,0,0,2,0,0,0
30301105118,2,8,0,0,10,0,1,1,8,2,0,0,8
30301105119,3,3,0,0,6,3,0,0,3,0,0,3,3
30301105120,0,3,0,0,3,0,0,0,3,0,0,0,3
30301105121,3,0,0,0,3,0,0,3,0,0,3,0,0
30301105122,2,0,0,0,2,0,0,2,0,0,0,2,0
30301105123,2,0,0,0,2,0,2,0,0,0,0,2,0
30301105126,5,1,1,0,7,0,2,5,0,7,0,0,0
30301105127,0,3,0,0,3,0,0,0,3,0,0,0,3
30301105128,5,5,0,3,13,8,0,0,5,5,3,0,5
30301105129,4,0,0,0,4,0,4,0,0,0,4,0,0
30301105130,2,0,0,0,2,0,2,0,0,2,0,0,0
30301105131,0,0,10,0,10,0,10,0,0,6,0,4,0
30301105133,7,3,0,0,10,0,6,4,0,10,0,0,0
30301105135,8,0,0,0,8,4,0,0,4,4,0,0,4
30301105137,0,3,0,0,3,0,0,0,3,0,0,0,3
30301105140,1,0,1,0,2,1,0,1,0,0,2,0,0
30301105141,2,0,0,0,2,0,0,2,0,2,0,0,0
30301105142,0,3,0,0,3,0,0,0,3,0,0,0,3
30301105143,0,0,4,0,4,0,4,0,0,4,0,0,0
30302105201,0,5,0,0,5,0,0,5,0,5,0,0,0
30302105202,5,2,0,0,7,0,0,7,0,2,0,5,0
30302105203,5,0,0,0,5,0,0,5,0,5,0,0,0
30302105204,0,0,5,0,5,0,0,5,0,0,0,5,0
30302105205,12,2,0,0,14,2,10,2,0,12,2,0,0
30302105206,6,0,0,2,8,2,2,4,0,2,4,2,0
30302105208,0,0,5,0,5,0,0,5,0,5,0,0,0
30302105209,6,0,0,0,6,0,0,6,0,0,6,0,0
30302105210,4,4,0,0,8,4,0,4,0,4,0,4,0
30302105211,9,0,5,0,14,0,5,9,0,8,1,5,0
30302105212,0,2,3,0,5,0,3,0,2,0,3,0,2
30302105213,0,0,6,0,6,0,2,4,0,4,0,2,0
30302105214,6,0,0,0,6,0,2,4,0,0,4,2,0
30302105215,0,2,0,0,2,0,0,2,0,2,0,0,0
30302105216,2,0,2,0,4,0,2,2,0,2,0,2,0
30302105217,2,0,0,0,2,0,0,2,0,0,2,0,0
30302105218,2,0,0,0,2,0,2,0,0,0,2,0,0
30302105219,13,0,0,0,13,0,9,4,0,13,0,0,0
30302105221,7,0,0,0,7,0,7,0,0,7,0,0,0
30302105223,4,0,0,1,5,1,0,4,0,2,3,0,0
30302105224,0,4,0,0,4,0,0,4,0,4,0,0,0
30302105225,1,0,0,2,3,0,2,1,0,1,2,0,0
30302105227,4,0,0,0,4,0,0,4,0,4,0,0,0
30302105301,0,0,2,0,2,2,0,0,0,0,2,0,0
30302105302,2,0,0,0,2,2,0,0,0,0,2,0,0
30302105303,2,1,0,0,3,0,2,1,0,2,1,0,0
30302105306,0,3,0,0,3,0,0,3,0,3,0,0,0
30302105307,0,10,0,0,10,0,0,7,3,7,0,0,3
30302105308,0,3,0,0,3,0,0,3,0,3,0,0,0
30302105309,2,0,0,0,2,0,2,0,0,2,0,0,0
30302105310,2,0,2,0,4,0,2,2,0,4,0,0,0
30302105312,2,4,0,0,6,0,0,2,4,2,0,0,4
30302105313,0,1,1,0,2,0,0,2,0,2,0,0,0
30302105314,1,0,0,0,1,0,1,0,0,1,0,0,0
30302105315,3,10,0,0,13,0,3,10,0,10,0,3,0
30302105318,2,0,0,0,2,0,0,2,0,0,0,2,0
30302105319,2,0,2,0,4,0,4,0,0,2,2,0,0
30302105321,2,2,2,3,9,0,5,4,0,2,5,2,0
30302105322,2,0,2,0,4,0,2,2,0,4,0,0,0
30302105324,1,0,0,0,1,0,0,1,0,1,0,0,0
30302105326,0,6,0,0,6,0,0,3,3,3,0,0,3
30302105327,0,5,3,0,8,3,0,5,0,5,0,3,0
30302105329,0,2,0,0,2,0,0,2,0,2,0,0,0
30302105330,2,0,4,0,6,2,4,0,0,4,2,0,0
30302105331,2,8,0,0,10,0,0,6,4,4,0,2,4
30302105332,3,0,3,0,6,0,6,0,0,3,3,0,0
30302105333,0,4,4,0,8,4,0,4,0,8,0,0,0
30302105334,0,0,8,0,8,4,0,4,0,0,8,0,0
30302105336,2,4,0,0,6,0,2,4,0,4,2,0,0
30302105337,11,4,2,0,17,0,0,17,0,6,0,11,0
30302105339,0,16,0,2,18,0,0,12,6,10,0,2,6
30302105401,13,0,0,0,13,4,0,9,0,9,2,2,0
30302105402,3,0,0,0,3,0,0,3,0,3,0,0,0
30302105403,0,2,4,0,6,0,4,2,0,2,0,4,0
30302105404,6,0,5,0,11,0,4,7,0,11,0,0,0
30302105405,6,0,0,0,6,1,0,5,0,6,0,0,0
30302105406,9,0,4,0,13,0,9,4,0,13,0,0,0
30302105407,14,0,5,0,19,0,10,9,0,4,5,10,0
30302105408,0,46,6,0,52,3,0,12,37,12,3,0,37
30302105409,0,0,3,0,3,0,0,3,0,3,0,0,0
30302105410,3,0,0,0,3,0,3,0,0,3,0,0,0
30302105501,4,2,0,0,6,4,0,2,0,6,0,0,0
30302105502,0,0,0,2,2,2,0,0,0,0,2,0,0
30302105503,2,2,0,0,4,0,0,4,0,2,2,0,0
30302105505,0,6,0,0,6,0,0,6,0,6,0,0,0
30302105506,0,6,2,0,8,2,0,6,0,8,0,0,0
30302105507,4,0,0,2,6,2,4,0,0,4,2,0,0
30302105508,0,5,0,0,5,0,0,5,0,5,0,0,0
30302105509,0,0,2,0,2,0,2,0,0,0,2,0,0
30302105510,0,0,3,0,3,0,0,3,0,0,0,3,0
30302105511,2,4,0,0,6,0,2,4,0,4,2,0,0
30302105512,4,0,0,0,4,0,4,0,0,2,2,0,0
30302105513,2,0,0,0,2,2,0,0,0,0,0,2,0
30302105514,0,4,0,0,4,0,0,4,0,4,0,0,0
30302105516,8,0,0,0,8,0,0,8,0,8,0,0,0
30302105517,17,4,2,0,23,2,0,19,2,19,0,2,2
30302105518,0,4,0,0,4,0,0,4,0,4,0,0,0
30302105519,2,2,0,0,4,2,0,2,0,2,0,2,0
30302105520,2,14,0,0,16,0,0,4,12,4,0,0,12
30302105521,8,6,0,0,14,0,4,10,0,14,0,0,0
30302105522,7,2,0,0,9,0,0,9,0,9,0,0,0
30302105601,5,0,2,0,7,2,0,5,0,5,0,2,0
30302105602,0,4,0,0,4,0,0,4,0,4,0,0,0
30302105603,0,0,4,0,4,4,0,0,0,0,4,0,0
30302105604,0,13,6,0,19,6,0,13,0,19,0,0,0
30302105605,0,0,6,0,6,2,4,0,0,0,2,4,0
30302105607,2,0,0,2,4,2,0,2,0,0,2,2,0
30302105608,4,2,2,0,8,0,4,2,2,2,2,2,2
30302105609,0,0,9,0,9,5,0,4,0,0,5,4,0
30302105610,0,10,0,0,10,0,0,0,10,0,0,0,10
30302105612,0,3,3,0,6,0,0,6,0,6,0,0,0
30302105614,8,4,0,0,12,0,4,8,0,8,0,4,0
30302105616,0,0,4,0,4,4,0,0,0,4,0,0,0
30302105617,1,0,1,0,2,0,1,1,0,1,1,0,0
30302105618,4,2,0,0,6,2,2,0,2,0,4,0,2
30302105619,2,2,0,0,4,0,0,4,0,4,0,0,0
30302105620,3,0,0,0,3,0,3,0,0,3,0,0,0
30302105621,0,2,0,3,5,0,3,2,0,5,0,0,0
30302105701,1,14,0,0,15,1,0,0,14,1,0,0,14
30302105702,0,2,0,0,2,0,0,0,2,0,0,0,2
30302105704,5,0,0,0,5,0,5,0,0,5,0,0,0
30302105705,0,10,0,0,10,0,0,5,5,5,0,0,5
30302105706,0,0,4,0,4,0,4,0,0,4,0,0,0
30302105707,2,7,0,0,9,0,0,2,7,2,0,0,7
30302105708,0,13,0,0,13,0,0,1,12,1,0,0,12
30302105709,5,0,0,0,5,0,5,0,0,5,0,0,0
30302105710,0,2,0,0,2,0,0,0,2,0,0,0,2
30302105713,4,2,0,0,6,0,2,4,0,6,0,0,0
30302105714,1,4,0,0,5,0,1,2,2,2,0,1,2
30302105716,2,4,0,0,6,0,0,6,0,4,0,2,0
30302105801,15,2,0,0,17,0,9,6,2,15,0,0,2
30302105802,10,0,0,0,10,0,10,0,0,10,0,0,0
30302105803,8,40,3,0,51,0,11,0,40,3,0,8,40
30302105804,0,54,0,0,54,0,0,0,54,0,0,0,54
30302105805,3,3,0,0,6,0,3,0,3,0,0,3,3
30302105807,3,0,3,0,6,3,3,0,0,6,0,0,0
30302105808,0,0,11,0,11,0,7,4,0,11,0,0,0
30302105809,0,13,0,0,13,0,0,0,13,0,0,0,13
30302105810,0,10,0,0,10,0,0,0,10,0,0,0,10
30302105812,2,3,0,0,5,0,2,0,3,2,0,0,3
30302105814,1,7,0,0,8,0,1,3,4,4,0,0,4
30302105816,14,0,0,0,14,7,0,7,0,7,0,7,0
30302105901,3,2,0,0,5,3,0,2,0,4,1,0,0
30302105902,5,0,5,0,10,5,3,2,0,3,0,7,0
30302105903,0,0,3,0,3,0,0,3,0,3,0,0,0
30302105904,3,0,0,0,3,0,3,0,0,3,0,0,0
30302105905,0,3,0,0,3,0,0,3,0,3,0,0,0
30302105906,3,0,0,0,3,0,3,0,0,0,0,3,0
30302105908,6,0,0,0,6,0,3,3,0,3,0,3,0
30302105909,3,0,0,0,3,0,0,3,0,0,3,0,0
30302105910,7,1,0,0,8,0,7,0,1,4,3,0,1
30302105911,0,3,1,0,4,0,0,4,0,3,0,1,0
30302105912,6,0,0,0,6,0,0,6,0,0,0,6,0
30302105913,1,3,0,0,4,0,1,0,3,1,0,0,3
30302105914,4,4,0,0,8,0,1,5,2,6,0,0,2
30302105916,0,0,3,0,3,3,0,0,0,0,3,0,0
30302105917,1,1,0,0,2,0,0,2,0,2,0,0,0
30302105918,2,4,0,0,6,0,0,6,0,6,0,0,0
30302105919,2,0,0,0,2,0,0,2,0,0,2,0,0
30302105920,3,0,0,0,3,0,0,3,0,1,0,2,0
30302105921,3,1,0,0,4,1,2,1,0,3,0,1,0
30302105923,3,0,0,0,3,0,2,1,0,2,1,0,0
30302105925,6,0,0,0,6,6,0,0,0,0,0,6,0
30302105926,0,3,0,0,3,0,0,3,0,3,0,0,0
30302105927,6,3,0,0,9,0,6,3,0,9,0,0,0
30302105929,3,0,1,0,4,0,2,2,0,1,1,2,0
30302105930,2,0,2,0,4,0,2,2,0,1,1,2,0
30302105931,6,3,0,3,12,3,0,9,0,9,0,3,0
30303106002,0,1,1,0,2,0,0,2,0,1,0,1,0
30303106003,0,0,2,0,2,0,0,2,0,2,0,0,0
30303106004,0,0,1,0,1,0,0,1,0,0,0,1,0
30303106008,1,2,0,0,3,0,1,2,0,3,0,0,0
30303106013,0,0,0,1,1,0,0,1,0,1,0,0,0
30303106016,4,0,0,0,4,0,0,4,0,4,0,0,0
30303106017,4,0,0,0,4,0,0,4,0,4,0,0,0
30303106020,1,0,0,0,1,0,0,1,0,1,0,0,0
30303106021,7,0,0,0,7,2,0,5,0,7,0,0,0
30303106022,5,0,0,0,5,0,5,0,0,5,0,0,0
30303106023,2,0,0,0,2,0,0,2,0,2,0,0,0
30303106025,5,0,0,0,5,0,0,5,0,0,0,5,0
30303106027,0,2,0,0,2,2,0,0,0,2,0,0,0
30303106028,1,0,0,0,1,0,0,1,0,1,0,0,0
30303106029,0,1,0,0,1,0,0,0,1,0,0,0,1
30303106030,0,0,1,0,1,0,1,0,0,0,1,0,0
30303106031,0,1,2,0,3,0,0,2,1,0,0,2,1
30303106032,0,1,3,0,4,0,0,3,1,0,3,0,1
30303106033,1,0,0,0,1,0,0,1,0,1,0,0,0
30303106035,0,1,0,0,1,0,0,1,0,1,0,0,0
30303106038,0,2,0,0,2,0,1,0,1,0,1,0,1
30303106039,4,0,0,0,4,4,0,0,0,4,0,0,0
30303106040,1,0,0,0,1,0,0,1,0,1,0,0,0
30303106042,1,0,0,0,1,0,1,0,0,0,1,0,0
30303106043,0,2,1,0,3,1,0,1,1,1,0,1,1
30303106045,1,3,0,0,4,0,1,0,3,1,0,0,3
30303106101,2,0,9,0,11,2,0,9,0,11,0,0,0
30303106102,0,5,2,0,7,0,0,4,3,4,0,0,3
30303106103,0,4,0,0,4,0,0,0,4,0,0,0,4
30303106104,1,11,1,0,13,0,0,13,0,11,1,1,0
30303106105,9,2,0,0,11,0,9,0,2,8,1,0,2
30303106106,2,0,0,0,2,2,0,0,0,1,1,0,0
30303106107,0,2,0,0,2,0,0,0,2,0,0,0,2
30303106109,1,0,1,0,2,1,0,1,0,0,1,1,0
30303106110,4,0,0,0,4,3,0,1,0,3,0,1,0
30303106111,0,1,0,0,1,0,0,1,0,1,0,0,0
30303106112,0,1,2,0,3,0,1,2,0,2,1,0,0
30303106113,1,1,0,0,2,0,0,2,0,2,0,0,0
30303106201,1,0,0,0,1,0,1,0,0,1,0,0,0
30303106202,0,1,0,0,1,0,0,0,1,0,0,0,1
30303106204,5,0,0,0,5,0,0,5,0,1,4,0,0
30303106205,2,0,2,0,4,0,2,2,0,0,4,0,0
30303106206,2,0,2,0,4,2,2,0,0,4,0,0,0
30303106207,4,0,4,2,10,6,0,4,0,2,4,4,0
30303106209,1,0,1,0,2,0,0,2,0,1,0,1,0
30303106210,3,0,2,0,5,0,5,0,0,5,0,0,0
30303106211,3,0,0,0,3,0,0,3,0,0,0,3,0
30303106212,0,2,0,0,2,0,0,0,2,0,0,0,2
30303106213,0,4,0,0,4,0,0,0,4,0,0,0,4
30303106214,0,0,1,0,1,0,0,1,0,0,1,0,0
30303106215,1,0,1,0,2,0,0,2,0,2,0,0,0
30303106216,2,1,0,0,3,0,2,1,0,1,2,0,0
30303106217,1,0,2,0,3,0,0,3,0,0,1,2,0
30303106218,0,0,1,0,1,0,0,1,0,1,0,0,0
30303106219,0,0,3,0,3,0,3,0,0,3,0,0,0
30303106220,3,0,1,0,4,0,4,0,0,4,0,0,0
30303106221,7,1,0,0,8,0,0,7,1,3,4,0,1
30303106222,0,0,2,0,2,0,0,2,0,0,2,0,0
30303106301,0,0,4,0,4,4,0,0,0,0,0,4,0
30303106302,2,4,4,0,10,4,2,0,4,0,4,2,4
30303106303,2,0,0,0,2,0,0,2,0,2,0,0,0
30303106305,12,2,3,0,17,3,5,4,5,7,0,5,5
30303106306,2,0,0,0,2,2,0,0,0,2,0,0,0
30303106307,0,3,9,0,12,0,5,7,0,3,3,6,0
30303106311,0,7,0,0,7,0,0,7,0,7,0,0,0
30303106312,0,5,1,3,9,3,0,6,0,5,1,3,0
30303106313,6,0,3,0,9,6,3,0,0,6,0,3,0
30303106314,3,3,4,0,10,0,7,3,0,6,4,0,0
30303106315,0,3,3,0,6,3,0,0,3,0,0,3,3
30303106316,13,0,0,0,13,0,0,13,0,9,4,0,0
30303106317,5,0,0,0,5,0,5,0,0,5,0,0,0
30303106318,10,3,0,0,13,0,10,0,3,10,0,0,3
30303106319,6,2,0,0,8,2,2,4,0,6,0,2,0
30303106320,8,0,6,0,14,0,4,10,0,8,6,0,0
30303106321,2,0,2,0,4,4,0,0,0,0,4,0,0
30303106322,6,0,2,0,8,2,6,0,0,6,2,0,0
30303106323,0,6,0,0,6,0,0,0,6,0,0,0,6
30303106324,4,38,0,0,42,4,0,0,38,0,4,0,38
30303106325,1,1,8,0,10,2,0,8,0,9,0,1,0
30303106326,0,3,0,0,3,0,0,3,0,3,0,0,0
30303106328,3,0,0,0,3,0,3,0,0,3,0,0,0
30303106329,9,3,0,0,12,3,0,6,3,9,0,0,3
30303106331,0,4,0,0,4,0,0,0,4,0,0,0,4
30303106332,11,0,0,0,11,0,0,11,0,11,0,0,0
30303106333,0,7,0,0,7,4,0,3,0,3,0,4,0
30303106334,0,0,3,0,3,0,0,3,0,3,0,0,0
30303106337,3,0,0,0,3,0,3,0,0,0,3,0,0
30303106338,3,0,5,0,8,0,5,3,0,5,3,0,0
30303106340,10,3,0,0,13,0,0,13,0,13,0,0,0
30303106401,0,11,5,0,16,1,5,0,10,5,1,0,10
30303106403,0,5,0,0,5,0,0,0,5,0,0,0,5
30303106404,3,0,0,0,3,0,0,3,0,0,0,3,0
30303106407,6,0,0,0,6,0,6,0,0,6,0,0,0
30303106408,0,38,0,0,38,0,0,0,38,0,0,0,38
30303106409,0,7,0,0,7,0,0,0,7,0,0,0,7
30303106411,0,2,2,0,4,0,1,1,2,2,0,0,2
30303106412,0,7,0,0,7,0,0,0,7,0,0,0,7
30303106413,0,3,0,0,3,0,0,0,3,0,0,0,3
30303106414,0,14,0,0,14,0,0,0,14,0,0,0,14
30303106415,0,9,0,0,9,0,0,0,9,0,0,0,9
30303106416,3,6,6,0,15,0,3,6,6,0,0,9,6
30303106417,0,3,0,0,3,0,0,1,2,1,0,0,2
30303106501,0,0,5,0,5,0,1,4,0,2,0,3,0
30303106502,3,0,0,0,3,0,0,3,0,0,0,3,0
30303106503,3,0,0,0,3,0,3,0,0,3,0,0,0
30303106504,7,0,5,0,12,2,4,6,0,7,0,5,0
30303106505,3,0,6,0,9,3,4,2,0,1,3,5,0
30303106507,3,42,0,0,45,3,0,0,42,3,0,0,42
30303106508,2,2,0,2,6,2,0,4,0,4,2,0,0
30303106509,2,0,0,0,2,1,0,1,0,1,1,0,0
30303106510,9,1,0,0,10,0,3,6,1,9,0,0,1
30303106511,0,1,0,5,6,0,0,5,1,0,0,5,1
30303106513,3,0,1,0,4,0,0,4,0,4,0,0,0
30303106514,1,0,2,0,3,1,2,0,0,0,1,2,0
30303106515,29,0,0,0,29,0,27,2,0,29,0,0,0
30303106516,3,9,2,0,14,2,3,0,9,2,0,3,9
30303106517,6,3,0,0,9,0,0,9,0,9,0,0,0
30303106518,3,0,2,0,5,0,3,2,0,0,2,3,0
30303106519,0,3,0,0,3,0,0,3,0,3,0,0,0
30303106520,4,2,1,0,7,0,2,5,0,7,0,0,0
30303106602,4,0,0,0,4,0,2,2,0,0,2,2,0
30303106603,2,2,0,0,4,0,2,2,0,4,0,0,0
30303106604,2,3,0,0,5,0,0,5,0,3,2,0,0
30303106606,6,0,0,0,6,0,0,6,0,4,2,0,0
30303106607,2,2,0,2,6,0,2,4,0,4,0,2,0
30303106608,0,0,2,0,2,0,2,0,0,0,2,0,0
30303106610,4,2,0,0,6,0,4,0,2,0,0,4,2
30303106611,3,0,0,0,3,3,0,0,0,0,0,3,0
30303106612,1,1,1,0,3,0,1,2,0,1,0,2,0
30303106613,1,4,0,0,5,0,0,1,4,1,0,0,4
30303106614,1,0,2,0,3,2,1,0,0,0,0,3,0
30303106615,1,0,0,0,1,0,1,0,0,1,0,0,0
30303106616,2,2,0,0,4,0,0,2,2,2,0,0,2
30303106617,3,1,3,0,7,3,1,3,0,4,1,2,0
30303106618,2,2,0,0,4,0,0,4,0,4,0,0,0
30303106620,2,0,0,0,2,0,0,2,0,0,0,2,0
30303106621,2,0,0,0,2,0,0,2,0,2,0,0,0
30303106625,5,0,2,0,7,0,5,2,0,2,0,5,0
30304106701,4,0,0,0,4,0,0,4,0,0,4,0,0
30304106703,9,0,0,0,9,4,1,4,0,1,0,8,0
30304106704,14,0,0,0,14,0,4,10,0,10,0,4,0
30304106705,1,1,0,0,2,1,1,0,0,1,1,0,0
30304106706,0,3,0,0,3,0,0,0,3,0,0,0,3
30304106707,5,0,4,0,9,0,5,4,0,4,5,0,0
30304106708,10,4,0,0,14,0,0,14,0,10,0,4,0
30304106709,6,4,0,0,10,0,0,10,0,10,0,0,0
30304106710,4,0,0,0,4,0,4,0,0,4,0,0,0
30304106711,11,0,0,0,11,0,0,11,0,0,0,11,0
30304106712,1,21,4,0,26,0,0,15,11,13,2,0,11
30304106713,12,0,1,0,13,9,4,0,0,4,0,9,0
30304106714,0,1,0,0,1,0,0,1,0,1,0,0,0
30304106801,1,2,0,0,3,1,0,2,0,1,1,1,0
30304106802,0,2,0,0,2,0,0,2,0,2,0,0,0
30304106803,2,1,1,0,4,1,2,1,0,2,2,0,0
30304106804,3,0,0,2,5,2,0,3,0,0,0,5,0
30304106805,6,1,2,1,10,1,2,7,0,6,2,2,0
30304106807,0,0,2,0,2,0,0,2,0,2,0,0,0
30304106808,3,0,0,0,3,0,0,3,0,3,0,0,0
30304106809,1,0,3,0,4,0,0,4,0,0,0,4,0
30304106810,13,0,0,0,13,0,6,7,0,0,1,12,0
30304106811,5,0,0,0,5,0,2,3,0,0,2,3,0
30304106812,9,4,1,0,14,6,4,1,3,7,0,4,3
30304106813,3,3,0,0,6,0,0,6,0,6,0,0,0
30304106814,4,0,0,1,5,1,1,3,0,2,0,3,0
30304106815,4,0,0,0,4,0,2,2,0,0,4,0,0
30304106816,8,0,0,0,8,0,0,8,0,2,0,6,0
30304106817,2,1,0,0,3,0,2,1,0,3,0,0,0
30304106818,3,0,0,0,3,0,2,1,0,0,0,3,0
30304106820,1,5,0,0,6,0,0,6,0,6,0,0,0
30304106821,7,3,1,0,11,1,0,7,3,3,0,5,3
30304106822,0,6,1,0,7,0,0,1,6,0,1,0,6
30304106824,1,3,0,2,6,0,0,3,3,2,1,0,3
30304106903,4,12,0,0,16,0,4,0,12,0,0,4,12
30304106905,4,9,3,0,16,0,3,13,0,16,0,0,0
30304106907,0,4,3,0,7,0,3,4,0,4,3,0,0
30304106909,0,1,0,0,1,0,0,1,0,1,0,0,0
30304106912,2,2,0,0,4,0,2,0,2,2,0,0,2
30304106913,0,7,0,0,7,0,0,7,0,7,0,0,0
30304107001,6,0,0,3,9,6,0,3,0,6,0,3,0
30304107002,2,0,0,0,2,0,2,0,0,0,2,0,0
30304107003,2,0,0,0,2,0,2,0,0,0,0,2,0
30304107006,7,0,0,0,7,0,0,7,0,7,0,0,0
30304107007,3,1,0,0,4,0,0,4,0,1,3,0,0
30304107008,10,6,0,0,16,2,0,8,6,0,2,8,6
30304107010,4,0,0,0,4,0,4,0,0,4,0,0,0
30304107011,2,0,0,0,2,0,2,0,0,0,0,2,0
30304107013,7,0,0,0,7,0,7,0,0,3,0,4,0
30304107014,0,0,0,2,2,0,0,2,0,0,2,0,0
30304107015,3,2,0,0,5,0,0,5,0,2,1,2,0
30304107016,6,3,0,2,11,1,2,8,0,5,1,5,0
30304107017,1,0,0,0,1,0,0,1,0,1,0,0,0
30304107018,1,2,0,0,3,0,1,2,0,3,0,0,0
30304107019,3,0,0,0,3,3,0,0,0,0,3,0,0
30304107101,4,4,0,0,8,0,0,8,0,4,4,0,0
30304107102,0,5,3,0,8,0,2,6,0,5,1,2,0
30304107103,6,4,0,0,10,0,6,4,0,10,0,0,0
30304107104,2,2,2,0,6,2,0,4,0,2,4,0,0
30304107105,0,2,0,2,4,0,2,2,0,2,2,0,0
30304107106,1,0,0,0,1,0,0,1,0,1,0,0,0
30304107107,6,2,2,0,10,2,0,8,0,8,2,0,0
30304107108,1,2,0,0,3,0,0,2,1,2,0,0,1
30304107109,0,5,0,0,5,0,0,5,0,5,0,0,0
30304107110,2,0,0,0,2,2,0,0,0,0,2,0,0
30304107111,3,2,0,0,5,2,0,3,0,3,2,0,0
30304107112,0,2,3,0,5,3,0,1,1,1,0,3,1
30304107113,1,1,2,0,4,0,3,1,0,1,2,1,0
30304107114,1,0,0,0,1,0,0,1,0,0,1,0,0
30304107115,1,1,0,1,3,0,0,2,1,1,1,0,1
30304107116,4,0,0,0,4,1,3,0,0,0,0,4,0
30304107117,2,2,0,0,4,0,1,3,0,3,1,0,0
30304107118,0,0,0,2,2,0,1,1,0,1,0,1,0
30304107119,4,0,0,0,4,3,1,0,0,0,4,0,0
30304107120,0,3,0,0,3,0,0,3,0,3,0,0,0
30304107121,3,1,0,0,4,0,0,4,0,3,0,1,0
30304107122,2,1,0,0,3,0,0,2,1,0,2,0,1
30305107201,0,6,0,0,6,0,0,0,6,0,0,0,6
30305107202,7,0,0,0,7,0,6,1,0,6,0,1,0
30305107206,0,1,0,0,1,0,0,0,1,0,0,0,1
30305107207,5,0,0,0,5,0,0,5,0,5,0,0,0
30305107208,0,0,2,0,2,2,0,0,0,0,0,2,0
30305107209,2,0,2,0,4,2,0,2,0,0,0,4,0
30305107210,7,0,1,0,8,2,0,6,0,6,1,1,0
30305107212,3,0,0,1,4,1,2,1,0,2,1,1,0
30305107213,1,5,1,0,7,0,0,7,0,6,0,1,0
30305107215,0,0,1,0,1,0,0,1,0,0,0,1,0
30305107216,5,0,0,0,5,0,5,0,0,5,0,0,0
30305107217,2,0,0,0,2,0,2,0,0,0,0,2,0
30305107218,5,0,0,0,5,0,5,0,0,5,0,0,0
30305107221,1,0,0,0,1,0,0,1,0,0,1,0,0
30305107301,0,1,0,0,1,0,0,0,1,0,0,0,1
30305107302,0,0,4,0,4,0,4,0,0,2,2,0,0
30305107303,4,2,0,0,6,0,0,6,0,4,0,2,0
30305107304,0,5,0,0,5,0,0,5,0,5,0,0,0
30305107305,6,0,0,0,6,6,0,0,0,6,0,0,0
30305107307,2,6,0,0,8,0,0,8,0,6,2,0,0
30305107309,0,4,0,0,4,0,0,4,0,4,0,0,0
30305107310,5,0,0,0,5,0,0,5,0,0,5,0,0
30305107311,0,1,0,0,1,0,0,0,1,0,0,0,1
30305107312,3,0,0,0,3,0,0,3,0,3,0,0,0
30305107313,0,1,0,0,1,0,0,0,1,0,0,0,1
30305107315,6,2,0,0,8,0,6,2,0,8,0,0,0
30305107319,3,0,0,0,3,0,3,0,0,3,0,0,0
30305107320,5,0,0,0,5,0,5,0,0,0,0,5,0
30305107324,3,0,0,0,3,0,3,0,0,3,0,0,0
30305107325,3,6,0,0,9,0,3,0,6,3,0,0,6
30305107326,0,5,0,0,5,0,0,0,5,0,0,0,5
30305107327,5,0,0,0,5,0,5,0,0,5,0,0,0
30305107328,6,4,0,0,10,0,0,6,4,6,0,0,4
30305107329,4,0,0,0,4,0,0,4,0,4,0,0,0
30305107333,0,6,0,0,6,0,0,0,6,0,0,0,6
30305107335,6,0,0,0,6,0,0,6,0,0,0,6,0
30305107337,0,2,0,0,2,0,0,0,2,0,0,0,2
30305107339,1,0,0,0,1,0,1,0,0,1,0,0,0
30305107340,1,0,0,0,1,0,0,1,0,0,0,1,0
30305107341,4,0,0,0,4,0,4,0,0,0,4,0,0
30305107342,0,1,0,0,1,0,0,0,1,0,0,0,1
30305107343,6,0,0,0,6,0,1,5,0,4,2,0,0
30305107344,9,3,0,0,12,0,0,9,3,9,0,0,3
30305107345,3,0,0,0,3,0,0,3,0,0,3,0,0
30305107346,1,0,0,0,1,0,0,1,0,1,0,0,0
30305107401,0,2,0,0,2,0,0,0,2,0,0,0,2
30305107405,6,7,0,0,13,0,0,7,6,7,0,0,6
30305107407,0,3,0,0,3,0,0,0,3,0,0,0,3
30305107408,0,1,0,0,1,0,0,0,1,0,0,0,1
30305107409,3,0,3,0,6,0,0,6,0,3,0,3,0
30305107410,0,3,0,0,3,0,0,3,0,3,0,0,0
30305107411,3,6,0,0,9,0,0,9,0,9,0,0,0
30305107412,0,2,0,0,2,0,0,2,0,2,0,0,0
30305107415,0,7,0,0,7,0,0,0,7,0,0,0,7
30305107501,3,0,0,0,3,0,1,2,0,0,1,2,0
30305107503,0,6,0,0,6,0,0,0,6,0,0,0,6
30305107504,0,2,0,0,2,0,0,0,2,0,0,0,2
30305107506,2,0,2,0,4,0,0,4,0,4,0,0,0
30305107508,0,1,0,0,1,0,0,0,1,0,0,0,1
30305107509,4,0,0,0,4,0,3,1,0,0,4,0,0
30305107510,3,0,0,0,3,0,0,3,0,0,3,0,0
30305107511,0,3,0,0,3,0,0,0,3,0,0,0,3
30305107512,2,5,0,0,7,0,0,2,5,0,2,0,5
30305107513,0,1,0,0,1,0,0,1,0,1,0,0,0
30305107515,3,0,0,0,3,0,0,3,0,3,0,0,0
30305107518,5,0,0,0,5,0,0,5,0,5,0,0,0
30305107521,4,0,0,0,4,0,0,4,0,0,0,4,0
30305107529,5,0,0,0,5,0,5,0,0,5,0,0,0
30305107531,5,5,0,0,10,0,0,5,5,5,0,0,5
30305107533,0,4,0,0,4,0,0,0,4,0,0,0,4
30305107602,0,0,0,1,1,0,1,0,0,1,0,0,0
30305107603,1,6,0,0,7,0,1,3,3,4,0,0,3
30305107604,0,3,0,0,3,0,0,3,0,3,0,0,0
30305107605,1,1,0,0,2,0,0,1,1,0,0,1,1
30305107606,4,0,0,0,4,4,0,0,0,4,0,0,0
30305107607,0,5,0,0,5,0,0,0,5,0,0,0,5
30305107609,3,2,0,0,5,4,0,1,0,5,0,0,0
30305107610,6,0,0,0,6,0,0,6,0,2,0,4,0
30305107611,2,4,0,0,6,1,0,5,0,6,0,0,0
30305107612,1,0,0,0,1,0,1,0,0,1,0,0,0
30305107613,5,1,0,0,6,3,1,2,0,2,0,4,0
30305107614,0,5,0,0,5,0,0,0,5,0,0,0,5
30305107615,4,5,0,0,9,0,4,5,0,5,4,0,0
30305107616,5,5,0,0,10,0,5,0,5,0,0,5,5
30305107617,4,2,0,0,6,0,4,2,0,6,0,0,0
30305107618,4,4,1,0,9,0,5,4,0,5,0,4,0
30305107619,4,1,0,0,5,0,4,1,0,1,4,0,0
30305107621,0,0,0,1,1,0,0,1,0,1,0,0,0
30305107622,9,7,1,0,17,1,8,8,0,17,0,0,0
30305107623,0,0,0,1,1,0,0,1,0,0,0,1,0
30305107625,4,2,0,0,6,1,2,1,2,2,1,1,2
30305107626,2,2,0,0,4,0,0,4,0,4,0,0,0
30305107627,3,0,0,0,3,0,0,3,0,3,0,0,0
30305107628,2,0,0,0,2,0,0,2,0,2,0,0,0
30305107629,2,7,0,0,9,2,0,4,3,6,0,0,3
30305107630,0,0,3,0,3,1,0,2,0,2,1,0,0
30305107631,2,0,0,0,2,0,0,2,0,2,0,0,0
30305107632,2,2,1,0,5,0,1,2,2,3,0,0,2
30306107701,0,2,0,0,2,0,0,0,2,0,0,0,2
30306107702,0,1,0,0,1,0,0,0,1,0,0,0,1
30306107704,0,3,0,0,3,0,0,0,3,0,0,0,3
30306107705,0,1,0,0,1,0,0,0,1,0,0,0,1
30306107706,0,1,0,0,1,0,0,0,1,0,0,0,1
30306107707,0,1,0,0,1,0,0,0,1,0,0,0,1
30306107708,0,1,0,0,1,0,0,0,1,0,0,0,1
30306107710,0,1,0,0,1,0,0,0,1,0,0,0,1
30306107711,0,1,0,0,1,0,0,0,1,0,0,0,1
30306107714,1,1,0,0,2,0,1,1,0,2,0,0,0
30306107715,0,1,0,0,1,0,0,0,1,0,0,0,1
30306107716,0,1,0,0,1,0,0,0,1,0,0,0,1
30306107717,0,1,0,0,1,0,0,0,1,0,0,0,1
30306107801,1,0,0,0,1,0,1,0,0,1,0,0,0
30306107803,1,1,0,0,2,0,1,1,0,0,0,2,0
30306107804,9,1,0,0,10,0,1,9,0,2,0,8,0
30306107805,18,0,0,0,18,0,4,14,0,7,0,11,0
30306107806,3,0,0,0,3,0,0,3,0,3,0,0,0
30306107811,0,5,0,0,5,0,0,5,0,5,0,0,0
30306107812,11,0,0,0,11,0,0,11,0,6,0,5,0
30306107814,4,0,0,0,4,1,2,1,0,4,0,0,0
30306107815,2,0,0,0,2,0,1,1,0,2,0,0,0
30306107817,4,0,0,0,4,0,4,0,0,0,0,4,0
30306107818,0,1,0,0,1,0,0,1,0,1,0,0,0
30306107819,9,0,0,0,9,0,0,9,0,9,0,0,0
30306107821,5,0,0,0,5,0,0,5,0,0,5,0,0
30306107822,0,0,1,0,1,0,0,1,0,1,0,0,0
30306107823,0,6,0,0,6,0,0,1,5,1,0,0,5
30306107824,2,4,0,0,6,0,2,1,3,1,0,2,3
30306107825,4,0,0,0,4,0,4,0,0,0,0,4,0
30306107826,0,0,1,0,1,0,0,1,0,1,0,0,0
30306107828,4,0,1,0,5,0,0,5,0,5,0,0,0
30306107832,3,0,0,0,3,0,2,1,0,2,0,1,0
30306107901,5,1,0,0,6,2,0,4,0,6,0,0,0
30306107902,0,0,0,1,1,0,1,0,0,1,0,0,0
30306107903,2,1,1,0,4,0,0,4,0,4,0,0,0
30306107904,2,0,3,0,5,0,5,0,0,5,0,0,0
30306107905,0,3,3,0,6,0,2,1,3,1,0,2,3
30306107906,0,5,0,0,5,0,0,0,5,0,0,0,5
30306107907,0,2,0,0,2,0,0,2,0,2,0,0,0
30306107909,1,2,0,0,3,0,0,1,2,1,0,0,2
30306107910,0,4,0,0,4,0,0,0,4,0,0,0,4
30306107911,0,6,3,0,9,0,3,0,6,0,3,0,6
30306107912,0,2,0,0,2,0,0,2,0,2,0,0,0
30306107915,9,4,3,1,17,3,1,13,0,16,0,1,0
30306107916,4,0,0,0,4,0,3,1,0,1,0,3,0
30306107917,1,0,0,0,1,0,1,0,0,1,0,0,0
30306107918,16,20,0,0,36,0,2,14,20,14,0,2,20
30306107920,0,0,1,0,1,0,1,0,0,0,0,1,0
30306108001,0,3,0,0,3,0,0,0,3,0,0,0,3
30306108003,0,4,0,0,4,0,0,0,4,0,0,0,4
30306108005,0,1,11,0,12,0,11,1,0,12,0,0,0
30306108006,1,1,0,0,2,1,1,0,0,1,0,1,0
30306108007,10,0,0,0,10,0,0,10,0,0,10,0,0
30306108009,1,1,0,0,2,1,0,1,0,2,0,0,0
30306108010,1,2,0,0,3,0,0,3,0,3,0,0,0
30306108011,1,1,0,0,2,0,0,2,0,2,0,0,0
30306108012,1,0,0,0,1,0,0,1,0,1,0,0,0
30306108013,2,0,1,0,3,0,1,2,0,2,1,0,0
30306108014,0,0,0,1,1,0,1,0,0,1,0,0,0
30306108015,8,0,0,0,8,0,8,0,0,8,0,0,0
30306108017,1,0,0,0,1,1,0,0,0,1,0,0,0
30306108018,2,0,0,0,2,0,1,1,0,1,0,1,0
30306108022,0,4,0,0,4,0,0,0,4,0,0,0,4
30306108023,4,0,0,0,4,0,0,4,0,4,0,0,0
30306108024,0,4,0,0,4,0,0,4,0,4,0,0,0
30306108025,0,11,0,0,11,0,0,11,0,11,0,0,0
30306108026,12,0,0,0,12,0,0,12,0,12,0,0,0
30306108027,3,1,0,0,4,0,1,3,0,1,0,3,0
30306108028,1,0,1,0,2,0,1,1,0,0,0,2,0
30306108029,3,1,0,0,4,0,2,2,0,2,0,2,0
30306108030,2,0,0,0,2,0,2,0,0,2,0,0,0
30306108031,0,1,0,0,1,0,0,1,0,1,0,0,0
30306108032,0,10,0,0,10,0,0,0,10,0,0,0,10
30306108034,8,10,0,0,18,0,8,10,0,18,0,0,0
30306108036,6,0,0,0,6,0,0,6,0,6,0,0,0
30306108037,0,1,0,0,1,0,0,1,0,1,0,0,0
30306108038,8,1,0,0,9,0,6,3,0,8,0,1,0
30306108039,1,0,0,0,1,0,0,1,0,1,0,0,0
30401108103,4,1,0,0,5,0,4,0,1,0,4,0,1
30401108105,0,2,0,0,2,0,0,0,2,0,0,0,2
30401108106,4,0,4,0,8,4,4,0,0,0,8,0,0
30401108107,0,0,0,4,4,4,0,0,0,0,4,0,0
30401108108,4,0,0,0,4,4,0,0,0,0,0,4,0
30401108109,4,0,0,0,4,0,0,4,0,0,0,4,0
30401108110,5,0,0,0,5,0,0,5,0,5,0,0,0
30401108111,0,10,0,0,10,0,0,0,10,0,0,0,10
30401108112,4,0,0,0,4,0,4,0,0,0,4,0,0
30401108113,5,1,0,0,6,1,0,5,0,1,5,0,0
30401108115,16,0,0,0,16,0,8,8,0,8,4,4,0
30401108117,4,0,4,0,8,0,4,4,0,4,0,4,0
30401108118,4,0,0,0,4,0,0,4,0,0,0,4,0
30401108203,0,0,0,1,1,1,0,0,0,0,1,0,0
30401108205,4,0,0,0,4,0,4,0,0,4,0,0,0
30401108207,1,0,0,0,1,0,1,0,0,1,0,0,0
30401108209,0,2,0,0,2,0,0,2,0,2,0,0,0
30401108210,0,0,1,0,1,0,0,1,0,0,1,0,0
30401108211,4,0,0,0,4,0,0,4,0,0,0,4,0
30401108212,0,0,2,0,2,2,0,0,0,2,0,0,0
30401108214,3,0,0,0,3,0,0,3,0,0,0,3,0
30401108217,0,0,5,0,5,5,0,0,0,0,0,5,0
30401108218,0,2,0,0,2,0,0,2,0,2,0,0,0
30401108219,4,0,0,0,4,4,0,0,0,0,0,4,0
30401108220,0,2,0,0,2,2,0,0,0,0,2,0,0
30401108302,0,4,0,0,4,0,0,0,4,0,0,0,4
30401108304,1,0,0,0,1,0,0,1,0,0,0,1,0
30401108305,1,0,0,0,1,0,1,0,0,1,0,0,0
30401108306,4,0,0,0,4,0,0,4,0,4,0,0,0
30401108309,0,2,5,0,7,5,0,2,0,2,5,0,0
30401108310,1,0,0,0,1,0,1,0,0,0,0,1,0
30401108311,4,0,0,0,4,0,4,0,0,4,0,0,0
30401108402,0,0,1,0,1,1,0,0,0,0,1,0,0
30401108404,5,0,2,0,7,0,0,7,0,5,0,2,0
30401108407,0,1,0,0,1,0,0,1,0,1,0,0,0
30401108408,4,0,0,0,4,0,0,4,0,4,0,0,0
30401108409,0,2,2,0,4,0,0,4,0,4,0,0,0
30401108410,3,3,0,0,6,0,3,0,3,0,3,0,3
30401108411,4,2,0,0,6,0,0,4,2,1,0,3,2
30401108413,3,0,3,0,6,3,0,3,0,0,0,6,0
30401108414,3,2,0,0,5,0,0,5,0,5,0,0,0
30401108415,4,0,0,0,4,0,0,4,0,0,0,4,0
30401108416,2,0,0,0,2,0,2,0,0,0,0,2,0
30401108417,4,0,2,0,6,0,2,4,0,4,0,2,0
30401108418,3,3,0,0,6,0,3,3,0,3,3,0,0
30401108419,2,0,0,0,2,0,0,2,0,2,0,0,0
30401108420,2,2,2,0,6,2,0,4,0,4,0,2,0
30401108421,0,3,0,0,3,0,0,3,0,3,0,0,0
30401108422,2,12,0,0,14,0,2,12,0,14,0,0,0
30401108424,0,2,0,6,8,0,6,2,0,2,0,6,0
30401108425,2,0,0,0,2,0,2,0,0,0,0,2,0
30401108503,0,3,0,0,3,0,0,3,0,3,0,0,0
30401108504,3,0,0,0,3,3,0,0,0,0,3,0,0
30401108506,4,1,0,0,5,1,0,4,0,4,1,0,0
30401108507,8,0,0,0,8,0,8,0,0,0,0,8,0
30401108509,3,0,0,0,3,0,3,0,0,0,3,0,0
30401108510,3,0,0,0,3,0,3,0,0,3,0,0,0
30402108601,0,2,0,0,2,0,0,2,0,2,0,0,0
30402108603,0,2,0,0,2,0,0,2,0,2,0,0,0
30402108605,6,0,0,0,6,0,2,4,0,4,0,2,0
30402108611,0,0,0,2,2,0,0,2,0,0,0,2,0
30402108612,2,0,0,0,2,0,0,2,0,0,0,2,0
30402108613,2,0,0,0,2,2,0,0,0,2,0,0,0
30402108614,0,0,2,0,2,0,0,2,0,0,0,2,0
30402108615,0,0,2,0,2,0,2,0,0,0,2,0,0
30402108618,2,0,0,0,2,0,0,2,0,2,0,0,0
30402108626,2,0,0,0,2,0,0,2,0,2,0,0,0
30402108703,2,0,1,0,3,0,0,3,0,2,1,0,0
30402108704,0,0,1,1,2,0,0,2,0,1,1,0,0
30402108705,5,0,0,0,5,0,3,2,0,3,2,0,0
30402108706,1,0,0,0,1,0,0,1,0,0,0,1,0
30402108708,2,1,0,0,3,0,0,3,0,1,2,0,0
30402108710,1,0,0,0,1,0,1,0,0,0,0,1,0
30402108711,1,0,0,0,1,0,1,0,0,0,0,1,0
30402108714,3,0,1,0,4,0,0,4,0,2,2,0,0
30402108716,1,1,0,0,2,0,0,2,0,2,0,0,0
30402108717,1,0,0,0,1,0,0,1,0,1,0,0,0
30402108719,0,1,0,1,2,1,0,1,0,1,1,0,0
30402108720,2,0,0,2,4,2,0,2,0,0,3,1,0
30402108721,0,1,0,1,2,0,0,2,0,2,0,0,0
30402108801,4,0,0,0,4,0,2,2,0,0,4,0,0
30402108802,0,2,0,0,2,0,0,2,0,2,0,0,0
30402108803,4,0,0,0,4,0,0,4,0,4,0,0,0
30402108804,4,0,0,0,4,0,2,2,0,0,4,0,0
30402108808,0,0,13,0,13,9,4,0,0,4,0,9,0
30402108809,0,2,0,4,6,0,0,6,0,6,0,0,0
30402108811,2,0,0,0,2,0,2,0,0,0,2,0,0
30402108812,2,0,8,0,10,0,8,2,0,0,0,10,0
30402108813,4,0,0,2,6,2,2,2,0,0,4,2,0
30402108814,5,10,0,0,15,0,0,15,0,15,0,0,0
30402108815,3,1,0,2,6,0,3,3,0,1,3,2,0
30402108816,0,0,2,0,2,0,0,2,0,2,0,0,0
30402108817,2,2,0,0,4,0,2,0,2,0,2,0,2
30402108819,0,6,0,0,6,0,0,2,4,2,0,0,4
30402108820,2,0,2,0,4,2,2,0,0,4,0,0,0
30402108822,2,0,0,0,2,0,0,2,0,2,0,0,0
30402108823,4,0,0,0,4,0,2,2,0,2,2,0,0
30402108824,2,0,0,0,2,0,0,2,0,2,0,0,0
30402108901,1,0,0,0,1,0,1,0,0,1,0,0,0
30402108903,0,1,0,0,1,0,0,0,1,0,0,0,1
30402108904,1,1,0,0,2,0,2,0,0,0,1,1,0
30402108905,8,0,1,0,9,0,6,3,0,1,0,8,0
30402108906,1,0,2,0,3,0,3,0,0,2,1,0,0
30402108907,1,0,0,0,1,0,0,1,0,1,0,0,0
30402108909,3,2,0,0,5,0,0,3,2,3,0,0,2
30402108910,1,4,1,0,6,2,1,1,2,1,2,1,2
30402109001,0,0,2,0,2,0,2,0,0,2,0,0,0
30402109002,0,8,0,0,8,0,0,8,0,8,0,0,0
30402109003,1,0,0,0,1,0,1,0,0,0,1,0,0
30402109004,3,0,1,0,4,0,0,4,0,1,3,0,0
30402109005,10,0,4,0,14,0,5,9,0,9,0,5,0
30402109006,1,0,2,2,5,2,1,2,0,0,5,0,0
30402109007,1,2,1,0,4,1,0,3,0,3,1,0,0
30402109009,1,0,6,0,7,0,5,2,0,0,2,5,0
30402109010,3,1,2,2,8,2,5,0,1,2,5,0,1
30402109011,5,0,7,0,12,0,0,12,0,5,2,5,0
30402109012,13,0,2,0,15,0,2,13,0,13,2,0,0
30402109013,2,6,0,0,8,0,0,8,0,6,2,0,0
30402109014,0,3,2,0,5,0,0,5,0,5,0,0,0
30402109016,2,0,0,0,2,0,2,0,0,0,2,0,0
30402109017,2,0,0,0,2,0,0,2,0,0,0,2,0
30402109018,2,2,0,0,4,0,2,2,0,2,2,0,0
30402109019,12,2,0,0,14,0,5,9,0,12,2,0,0
30402109101,2,2,2,0,6,0,4,2,0,2,4,0,0
30402109104,2,2,2,0,6,0,0,4,2,2,0,2,2
30403109201,0,0,3,0,3,0,3,0,0,3,0,0,0
30403109202,0,0,2,0,2,0,0,2,0,2,0,0,0
30403109203,3,0,0,0,3,0,0,3,0,3,0,0,0
30403109204,3,0,0,0,3,0,3,0,0,3,0,0,0
30403109206,0,3,0,0,3,0,0,0,3,0,0,0,3
30403109207,3,3,0,0,6,0,3,3,0,6,0,0,0
30403109208,6,4,0,0,10,3,3,1,3,7,0,0,3
30403109209,0,0,3,0,3,0,3,0,0,3,0,0,0
30403109213,3,11,0,0,14,0,0,3,11,3,0,0,11
30403109214,4,0,0,0,4,0,0,4,0,3,0,1,0
30403109215,3,0,0,0,3,0,0,3,0,3,0,0,0
30403109216,6,2,0,0,8,0,0,6,2,6,0,0,2
30403109301,8,0,0,0,8,0,1,7,0,8,0,0,0
30403109302,0,9,0,0,9,0,0,0,9,0,0,0,9
30403109303,0,1,1,0,2,0,1,1,0,1,0,1,0
30403109304,0,2,0,0,2,0,0,0,2,0,0,0,2
30403109306,2,2,0,0,4,0,2,2,0,2,0,2,0
30403109308,0,1,0,0,1,0,0,1,0,1,0,0,0
30403109309,2,0,2,0,4,2,2,0,0,2,0,2,0
30403109310,0,0,1,0,1,0,1,0,0,0,0,1,0
30403109311,1,0,2,0,3,2,0,1,0,1,2,0,0
30403109312,0,0,2,0,2,2,0,0,0,0,0,2,0
30403109403,0,1,0,0,1,0,0,0,1,0,0,0,1
30403109404,3,0,2,0,5,2,0,3,0,4,1,0,0
30403109405,1,1,1,0,3,0,0,3,0,2,0,1,0
30403109406,1,0,0,0,1,1,0,0,0,0,1,0,0
30403109407,16,0,0,1,17,14,0,3,0,14,2,1,0
30403109408,2,2,1,0,5,2,2,1,0,3,0,2,0
30403109409,0,1,1,0,2,1,0,0,1,1,0,0,1
30403109410,1,0,3,0,4,0,0,4,0,4,0,0,0
30403109411,3,0,0,0,3,0,0,3,0,3,0,0,0
30403109412,3,4,0,2,9,4,3,2,0,5,4,0,0
30403109413,0,3,0,0,3,0,0,3,0,3,0,0,0
30403109414,0,15,0,0,15,0,0,0,15,0,0,0,15
30403109415,0,0,6,0,6,0,0,6,0,6,0,0,0
30403109416,16,0,5,0,21,0,9,12,0,7,5,9,0
30403109417,6,3,0,0,9,0,6,0,3,6,0,0,3
30403109418,4,3,0,0,7,0,2,2,3,4,0,0,3
30403109419,3,0,0,0,3,0,0,3,0,3,0,0,0
30403109421,3,0,0,0,3,0,3,0,0,0,3,0,0
30403109422,4,0,0,0,4,0,0,4,0,4,0,0,0
30403109423,0,1,1,0,2,0,1,1,0,1,0,1,0
30403109424,0,2,0,0,2,0,0,2,0,2,0,0,0
30403109425,6,0,0,0,6,0,3,3,0,3,3,0,0
30403109426,12,0,0,0,12,0,9,3,0,9,0,3,0
30403109427,2,0,0,2,4,0,0,4,0,2,0,2,0
30403109428,1,6,0,3,10,0,0,7,3,3,1,3,3
30403109429,2,0,0,0,2,0,0,2,0,2,0,0,0
30403109430,2,0,0,0,2,0,0,2,0,0,2,0,0
30403109431,1,1,1,0,3,0,0,3,0,2,1,0,0
30403109501,3,0,0,0,3,0,0,3,0,3,0,0,0
30403109503,1,7,0,0,8,0,0,1,7,0,0,1,7
30403109507,1,0,0,0,1,0,0,1,0,1,0,0,0
30403109508,1,0,1,0,2,1,0,1,0,2,0,0,0
30403109509,9,0,0,0,9,0,0,9,0,4,0,5,0
30403109510,5,9,0,0,14,0,0,5,9,0,0,5,9
30403109512,2,0,0,0,2,0,1,1,0,1,0,1,0
30403109513,1,0,0,0,1,1,0,0,0,1,0,0,0
30403109514,1,0,0,0,1,0,1,0,0,0,0,1,0
30403109602,0,0,5,2,7,5,2,0,0,2,2,3,0
30403109603,0,0,3,0,3,0,0,3,0,3,0,0,0
30403109604,0,1,0,0,1,0,0,1,0,1,0,0,0
30403109606,2,0,0,0,2,0,2,0,0,2,0,0,0
30403109608,0,1,0,0,1,0,0,0,1,0,0,0,1
30403109609,4,1,0,0,5,0,0,5,0,1,0,4,0
30403109610,0,1,0,0,1,0,0,1,0,1,0,0,0
30403109611,0,0,3,0,3,0,0,3,0,0,0,3,0
30403109612,0,2,0,0,2,0,0,2,0,2,0,0,0
30403109613,8,3,0,0,11,0,0,11,0,3,5,3,0
30403109614,0,3,2,0,5,0,0,5,0,5,0,0,0
30403109615,6,0,0,0,6,0,0,6,0,6,0,0,0
30403109616,3,0,0,0,3,0,0,3,0,3,0,0,0
30403109618,0,3,3,0,6,0,0,3,3,0,0,3,3
30403109619,1,0,0,0,1,0,0,1,0,1,0,0,0
30403109620,0,2,0,0,2,0,0,2,0,2,0,0,0
30403109621,2,0,0,0,2,0,0,2,0,2,0,0,0
30403109622,7,0,0,0,7,0,0,7,0,0,7,0,0
30403109623,9,1,0,0,10,0,5,5,0,1,9,0,0
30403109701,0,1,0,1,2,1,0,1,0,1,0,1,0
30403109702,2,0,1,0,3,1,0,2,0,3,0,0,0
30403109703,5,1,1,0,7,0,0,7,0,7,0,0,0
30403109704,3,2,0,2,7,3,2,1,1,2,1,3,1
30403109705,0,4,0,0,4,0,0,2,2,2,0,0,2
30403109707,1,0,1,0,2,0,1,1,0,0,2,0,0
30403109708,1,0,0,0,1,0,0,1,0,0,0,1,0
30403109709,4,0,1,1,6,2,0,4,0,2,2,2,0
30403109710,0,2,0,0,2,0,0,2,0,2,0,0,0
30403109711,19,22,0,0,41,0,4,15,22,15,4,0,22
30403109712,3,0,0,0,3,0,0,3,0,0,3,0,0
30403109713,2,1,0,0,3,0,0,3,0,3,0,0,0
30403109714,2,0,7,0,9,1,2,6,0,2,0,7,0
30403109715,0,2,0,0,2,0,0,2,0,2,0,0,0
30403109716,11,1,0,0,12,0,0,12,0,1,0,11,0
30403109717,2,0,0,0,2,1,1,0,0,0,1,1,0
30403109718,6,0,2,0,8,0,4,4,0,6,0,2,0
30403109720,4,2,4,0,10,0,2,8,0,6,2,2,0
30403109721,6,1,0,0,7,3,3,1,0,4,3,0,0
30404109801,6,2,0,0,8,1,1,4,2,6,0,0,2
30404109802,6,0,0,0,6,0,0,6,0,6,0,0,0
30404109803,1,0,0,0,1,0,0,1,0,1,0,0,0
30404109804,0,0,1,0,1,0,0,1,0,1,0,0,0
30404109805,0,0,1,0,1,0,0,1,0,1,0,0,0
30404109806,1,3,1,0,5,1,0,4,0,5,0,0,0
30404109808,7,0,0,0,7,0,0,7,0,7,0,0,0
30404109809,0,2,4,0,6,0,0,6,0,2,0,4,0
30404109810,3,2,0,0,5,3,0,0,2,3,0,0,2
30404109811,3,0,1,0,4,0,0,4,0,2,0,2,0
30404109812,2,9,0,0,11,0,0,11,0,11,0,0,0
30404109813,0,2,0,0,2,1,0,0,1,0,0,1,1
30404109816,6,6,1,0,13,0,2,11,0,13,0,0,0
30404109817,2,2,0,0,4,0,3,1,0,1,2,1,0
30404109901,0,3,0,0,3,0,0,0,3,0,0,0,3
30404110001,1,0,2,0,3,0,2,1,0,1,2,0,0
30404110002,1,0,1,0,2,0,2,0,0,2,0,0,0
30404110003,3,0,2,0,5,1,1,3,0,4,0,1,0
30404110004,2,1,0,0,3,2,1,0,0,3,0,0,0
30404110005,0,2,1,0,3,0,1,1,1,2,0,0,1
30404110006,0,2,0,0,2,0,0,0,2,0,0,0,2
30404110007,0,2,0,0,2,0,0,2,0,2,0,0,0
30404110009,0,1,1,0,2,1,0,1,0,1,0,1,0
30404110010,0,1,2,0,3,0,0,2,1,2,0,0,1
30404110011,2,3,1,0,6,3,0,3,0,5,0,1,0
30404110012,2,1,0,0,3,0,0,3,0,2,0,1,0
30404110013,2,0,0,0,2,1,0,1,0,2,0,0,0
30404110014,1,0,2,0,3,0,1,2,0,0,2,1,0
30404110015,1,0,0,0,1,0,1,0,0,0,0,1,0
30404110016,0,0,3,0,3,1,1,1,0,2,0,1,0
30404110017,2,0,0,0,2,2,0,0,0,2,0,0,0
30404110018,2,0,1,0,3,0,1,2,0,0,0,3,0
30404110019,0,0,1,0,1,1,0,0,0,1,0,0,0
30404110101,0,0,3,0,3,0,2,1,0,3,0,0,0
30404110102,8,0,0,3,11,0,3,8,0,11,0,0,0
30404110103,1,1,4,0,6,3,0,3,0,2,3,1,0
30404110105,0,2,0,0,2,0,0,0,2,0,0,0,2
30404110106,1,0,0,0,1,0,0,1,0,1,0,0,0
30404110110,1,0,0,0,1,0,1,0,0,1,0,0,0
30404110111,0,0,2,2,4,0,2,2,0,4,0,0,0
30404110112,0,0,5,0,5,2,3,0,0,4,1,0,0
30404110113,0,3,2,0,5,1,2,2,0,4,1,0,0
30404110116,3,0,4,2,9,0,7,2,0,7,0,2,0
30404110118,5,2,0,0,7,0,0,7,0,7,0,0,0
30404110119,8,0,0,0,8,0,0,8,0,5,0,3,0
30404110120,2,2,0,0,4,0,0,2,2,2,0,0,2
30404110122,0,7,0,0,7,0,0,7,0,7,0,0,0
30404110201,6,0,0,0,6,0,0,6,0,2,4,0,0
30404110301,18,0,0,0,18,0,8,10,0,7,7,4,0
30404110306,0,3,0,0,3,0,0,3,0,3,0,0,0
30404110307,0,0,3,0,3,0,1,2,0,2,1,0,0
30404110308,0,2,3,0,5,2,1,2,0,3,2,0,0
30404110309,15,0,0,0,15,0,0,15,0,8,0,7,0
30404110311,10,0,0,0,10,0,10,0,0,7,3,0,0
30404110312,0,2,2,0,4,0,2,2,0,2,2,0,0
30404110313,0,0,1,0,1,1,0,0,0,0,0,1,0
30404110315,0,6,0,0,6,0,0,0,6,0,0,0,6
30404110316,1,0,0,0,1,0,0,1,0,1,0,0,0
30404110318,0,0,3,0,3,0,1,2,0,2,1,0,0
30404110319,1,0,0,0,1,1,0,0,0,0,1,0,0
30404110320,2,2,0,0,4,0,2,2,0,2,2,0,0
30404110322,1,0,0,0,1,0,1,0,0,0,0,1,0
30404110323,2,0,3,0,5,0,0,5,0,3,0,2,0
30404110324,7,0,2,0,9,0,2,7,0,9,0,0,0
30404110325,0,1,0,0,1,0,0,1,0,0,0,1,0
30404110326,4,0,0,0,4,0,0,4,0,4,0,0,0
30404110329,3,0,0,0,3,3,0,0,0,3,0,0,0
30404110330,0,2,2,0,4,0,0,4,0,2,0,2,0
30404110331,3,0,2,0,5,3,0,2,0,5,0,0,0
30404110332,0,2,6,0,8,0,0,8,0,2,6,0,0
30404110333,3,0,0,0,3,3,0,0,0,0,3,0,0
30404110334,3,6,0,0,9,0,0,3,6,3,0,0,6
30404110335,6,0,5,0,11,0,0,11,0,2,7,2,0
30404110336,0,0,4,0,4,0,0,4,0,0,4,0,0
30404110337,6,0,0,0,6,3,3,0,0,6,0,0,0
30404110338,6,3,0,0,9,0,3,3,3,0,6,0,3
30404110403,0,0,1,0,1,0,1,0,0,1,0,0,0
30404110404,3,0,1,0,4,0,1,3,0,3,0,1,0
30404110405,0,1,0,0,1,0,0,0,1,0,0,0,1
30404110409,0,3,0,0,3,0,2,0,1,0,2,0,1
30404110410,0,0,1,0,1,0,0,1,0,1,0,0,0
30404110411,8,3,0,0,11,0,6,3,2,4,0,5,2
30404110412,0,0,4,0,4,0,0,4,0,0,3,1,0
30404110413,1,1,0,0,2,0,0,1,1,1,0,0,1
30404110414,0,1,0,0,1,0,0,0,1,0,0,0,1
30404110416,0,0,1,0,1,1,0,0,0,0,0,1,0
30404110421,0,0,1,0,1,0,0,1,0,0,1,0,0
30501110501,1,0,0,0,1,0,1,0,0,0,1,0,0
30501110502,6,27,0,0,33,0,6,24,3,30,0,0,3
30501110503,4,0,0,0,4,0,0,4,0,4,0,0,0
30501110508,0,9,18,0,27,18,0,9,0,18,0,9,0
30501110509,61,18,17,0,96,0,14,64,18,68,0,10,18
30501110512,22,11,9,0,42,0,0,35,7,26,0,9,7
30501110513,5,0,0,0,5,3,1,1,0,2,0,3,0
30501110515,8,0,6,0,14,0,6,8,0,6,8,0,0
30501110516,0,0,8,0,8,0,0,8,0,8,0,0,0
30501110517,12,4,0,0,16,0,6,10,0,4,12,0,0
30501110518,25,3,0,0,28,0,0,28,0,5,23,0,0
30501110519,7,11,20,0,38,0,0,27,11,7,0,20,11
30501110520,0,2,0,0,2,0,0,0,2,0,0,0,2
30501110521,7,24,0,0,31,0,0,31,0,31,0,0,0
30501110522,1,0,0,0,1,0,0,1,0,0,0,1,0
30501110524,0,7,0,0,7,0,0,0,7,0,0,0,7
30501110526,11,0,0,0,11,0,0,11,0,11,0,0,0
30501110527,6,0,0,0,6,3,3,0,0,3,0,3,0
30501110601,12,1,0,0,13,7,5,1,0,1,0,12,0
30501110603,1,6,0,0,7,0,1,6,0,7,0,0,0
30501110604,9,1,0,0,10,0,9,1,0,10,0,0,0
30501110605,14,0,0,0,14,12,0,2,0,2,0,12,0
30501110606,0,0,6,0,6,0,0,6,0,6,0,0,0
30501110607,0,14,0,0,14,0,0,0,14,0,0,0,14
30501110608,38,0,10,3,51,1,12,38,0,38,11,2,0
30501110609,8,4,0,0,12,0,6,6,0,10,0,2,0
30501110610,0,4,0,0,4,0,0,4,0,4,0,0,0
30501110611,1,0,0,0,1,1,0,0,0,1,0,0,0
30501110612,5,2,6,0,13,11,0,0,2,6,0,5,2
30501110613,12,0,1,0,13,6,7,0,0,7,0,6,0
30501110701,2,0,0,1,3,0,1,2,0,1,2,0,0
30501110705,0,1,0,0,1,0,0,1,0,1,0,0,0
30501110706,0,0,1,0,1,0,1,0,0,0,0,1,0
30501110707,3,0,3,0,6,4,2,0,0,3,1,2,0
30501110708,0,1,0,0,1,0,0,0,1,0,0,0,1
30501110709,0,0,3,0,3,3,0,0,0,2,1,0,0
30501110711,3,3,0,0,6,0,0,3,3,0,0,3,3
30501110712,3,0,0,0,3,0,0,3,0,3,0,0,0
30501110713,2,0,0,0,2,0,2,0,0,0,2,0,0
30501110714,2,0,0,0,2,0,0,2,0,2,0,0,0
30501110715,0,1,0,0,1,0,0,1,0,1,0,0,0
30501110802,0,2,0,0,2,0,0,0,2,0,0,0,2
30501110804,1,0,0,0,1,0,1,0,0,0,1,0,0
30501110805,2,1,0,0,3,1,0,1,1,2,0,0,1
30501110806,0,5,0,0,5,0,0,3,2,3,0,0,2
30501110809,7,0,0,0,7,0,7,0,0,0,7,0,0
30501110810,3,0,0,0,3,0,0,3,0,3,0,0,0
30501110811,3,0,0,0,3,3,0,0,0,3,0,0,0
30501110812,7,4,0,0,11,0,0,7,4,0,7,0,4
30501110813,0,2,0,0,2,0,0,0,2,0,0,0,2
30501110814,0,1,0,0,1,0,0,0,1,0,0,0,1
30501110815,3,2,0,0,5,0,0,3,2,3,0,0,2
30501110816,2,0,0,0,2,0,2,0,0,2,0,0,0
30501110901,0,4,0,0,4,0,0,0,4,0,0,0,4
30501110902,3,0,0,0,3,0,3,0,0,3,0,0,0
30501110903,4,2,0,0,6,0,0,6,0,4,2,0,0
30501110904,0,3,0,0,3,0,0,3,0,3,0,0,0
30501110905,0,2,0,0,2,0,0,2,0,2,0,0,0
30501110906,0,2,0,0,2,0,0,2,0,2,0,0,0
30501110908,3,0,0,0,3,0,3,0,0,3,0,0,0
30501110909,4,0,0,0,4,1,0,3,0,4,0,0,0
30501110910,2,0,0,0,2,0,0,2,0,2,0,0,0
30501110911,2,0,0,0,2,1,0,1,0,2,0,0,0
30501110912,2,0,0,0,2,0,0,2,0,2,0,0,0
30501110913,2,0,0,0,2,0,0,2,0,1,0,1,0
30501110914,0,2,2,0,4,2,0,0,2,2,0,0,2
30501110915,1,0,0,0,1,0,0,1,0,1,0,0,0
30501110916,1,0,0,0,1,0,1,0,0,0,0,1,0
30501110917,8,0,0,0,8,2,1,5,0,5,1,2,0
30501110918,1,1,0,0,2,1,0,1,0,2,0,0,0
30501110919,3,1,0,0,4,0,1,2,1,0,1,2,1
30501110921,5,4,0,0,9,1,0,8,0,4,0,5,0
30501110922,4,0,0,0,4,0,0,4,0,4,0,0,0
30501110923,2,2,1,0,5,2,0,1,2,1,0,2,2
30501110924,1,1,0,0,2,0,1,1,0,1,1,0,0
30501110925,0,0,0,1,1,0,0,1,0,0,0,1,0
30501110926,4,0,0,0,4,0,0,4,0,4,0,0,0
30501110927,1,1,0,0,2,0,0,2,0,1,1,0,0
30501110930,3,0,0,0,3,0,0,3,0,0,0,3,0
30501111001,1,42,0,0,43,0,1,0,42,1,0,0,42
30501111002,5,1,1,0,7,0,5,2,0,6,1,0,0
30501111004,1,0,4,0,5,0,1,4,0,5,0,0,0
30501111006,0,69,0,0,69,0,0,0,69,0,0,0,69
30501111008,0,24,0,0,24,0,0,0,24,0,0,0,24
30501111011,2,0,0,0,2,2,0,0,0,0,1,1,0
30501111013,0,1,0,0,1,0,0,0,1,0,0,0,1
30501111014,4,1,0,0,5,0,0,5,0,5,0,0,0
30501111015,4,0,0,0,4,0,4,0,0,4,0,0,0
30501111016,0,57,0,0,57,0,0,0,57,0,0,0,57
30501111017,0,8,5,0,13,0,5,0,8,5,0,0,8
30501111018,6,2,1,0,9,1,1,7,0,7,1,1,0
30501111101,6,0,0,0,6,2,4,0,0,2,2,2,0
30501111102,3,1,0,0,4,0,0,4,0,4,0,0,0
30501111104,6,0,0,0,6,0,6,0,0,0,6,0,0
30501111105,10,4,1,0,15,5,0,10,0,5,10,0,0
30501111106,1,4,0,0,5,0,0,4,1,3,0,1,1
30501111107,6,3,0,0,9,0,0,9,0,3,1,5,0
30501111108,6,0,0,0,6,0,3,3,0,3,3,0,0
30501111109,16,5,0,1,22,7,10,5,0,9,3,10,0
30501111110,3,0,0,0,3,3,0,0,0,3,0,0,0
30501111111,4,0,0,0,4,0,4,0,0,4,0,0,0
30501111112,5,4,0,1,10,2,3,5,0,5,5,0,0
30501111113,5,3,3,0,11,6,2,0,3,3,3,2,3
30501111202,6,0,0,0,6,0,5,1,0,4,0,2,0
30501111203,4,0,0,0,4,0,2,2,0,2,0,2,0
30501111204,7,1,2,0,10,0,7,2,1,6,0,3,1
30501111205,0,0,0,1,1,0,0,1,0,0,0,1,0
30501111206,3,0,0,0,3,0,0,3,0,0,2,1,0
30501111207,5,0,0,0,5,3,2,0,0,3,2,0,0
30501111208,4,0,1,0,5,0,5,0,0,3,0,2,0
30501111209,2,1,0,0,3,2,0,1,0,3,0,0,0
30501111210,3,0,1,0,4,0,0,4,0,3,0,1,0
30501111211,1,0,1,0,2,0,1,1,0,0,1,1,0
30501111212,5,0,0,1,6,0,5,1,0,5,0,1,0
30501111213,0,1,6,0,7,0,6,0,1,3,3,0,1
30501111215,2,4,3,0,9,0,3,2,4,0,3,2,4
30501111216,0,0,3,0,3,0,3,0,0,0,0,3,0
30501111217,4,1,1,0,6,0,1,5,0,5,0,1,0
30501111219,2,0,1,0,3,0,3,0,0,3,0,0,0
30501111220,0,1,1,0,2,0,0,2,0,1,0,1,0
30501111221,0,1,0,0,1,0,0,1,0,1,0,0,0
30501111222,2,0,0,0,2,0,2,0,0,0,0,2,0
30501111223,1,2,2,0,5,0,0,3,2,3,0,0,2
30502111301,5,6,2,0,13,0,2,11,0,6,7,0,0
30502111302,8,0,0,0,8,0,4,4,0,8,0,0,0
30502111303,0,0,3,0,3,0,3,0,0,3,0,0,0
30502111304,0,3,3,0,6,3,0,3,0,6,0,0,0
30502111305,6,0,0,0,6,3,0,3,0,3,0,3,0
30502111306,0,4,0,0,4,0,0,4,0,4,0,0,0
30502111307,0,6,0,0,6,0,3,3,0,3,3,0,0
30502111308,0,4,0,0,4,0,0,4,0,4,0,0,0
30502111309,0,3,0,0,3,0,0,0,3,0,0,0,3
30502111310,1,0,3,0,4,0,4,0,0,3,0,1,0
30502111401,3,0,0,0,3,0,3,0,0,3,0,0,0
30502111402,2,1,3,0,6,0,0,6,0,5,1,0,0
30502111403,5,5,0,0,10,3,0,5,2,7,1,0,2
30502111404,2,11,0,5,18,1,2,15,0,18,0,0,0
30502111406,3,0,5,0,8,0,0,8,0,3,5,0,0
30502111407,1,2,0,0,3,0,0,3,0,3,0,0,0
30502111408,2,0,0,0,2,0,1,1,0,2,0,0,0
30502111409,0,3,0,0,3,0,0,3,0,3,0,0,0
30502111410,0,3,0,0,3,0,0,3,0,3,0,0,0
30502111411,6,0,0,0,6,4,0,2,0,2,0,4,0
30502111412,4,0,0,0,4,0,0,4,0,4,0,0,0
30502111413,12,0,0,0,12,0,8,4,0,4,0,8,0
30502111501,0,2,0,0,2,0,0,0,2,0,0,0,2
30502111502,9,4,5,0,18,5,5,4,4,9,0,5,4
30502111505,4,6,0,0,10,0,0,10,0,6,0,4,0
30502111506,2,4,0,0,6,0,0,6,0,6,0,0,0
30502111507,4,0,0,0,4,0,2,2,0,2,0,2,0
30502111508,2,5,0,0,7,0,0,4,3,4,0,0,3
30502111509,0,2,0,0,2,0,2,0,0,2,0,0,0
30502111510,5,0,5,0,10,5,0,5,0,10,0,0,0
30502111511,7,2,0,0,9,0,0,9,0,9,0,0,0
30502111512,5,0,0,0,5,0,0,5,0,5,0,0,0
30502111513,0,4,4,0,8,4,0,4,0,4,0,4,0
30502111601,1,0,0,0,1,1,0,0,0,1,0,0,0
30502111602,1,0,0,0,1,0,0,1,0,1,0,0,0
30502111603,0,1,0,0,1,0,0,1,0,1,0,0,0
30502111604,1,1,1,1,4,1,0,3,0,3,0,1,0
30502111606,0,0,0,3,3,0,0,3,0,3,0,0,0
30502111607,2,1,0,0,3,1,1,1,0,3,0,0,0
30502111608,3,2,0,0,5,0,1,4,0,5,0,0,0
30502111609,2,4,0,0,6,0,0,6,0,4,2,0,0
30502111610,8,0,0,0,8,4,4,0,0,0,4,4,0
30502111611,0,1,0,0,1,0,0,0,1,0,0,0,1
30502111701,0,2,0,0,2,0,0,2,0,2,0,0,0
30502111704,9,3,4,4,20,6,3,11,0,20,0,0,0
30502111705,4,0,0,0,4,1,0,3,0,3,0,1,0
30502111707,3,0,0,0,3,0,0,3,0,0,0,3,0
30502111708,0,3,0,0,3,0,0,3,0,3,0,0,0
30502111709,8,0,1,0,9,0,0,9,0,8,0,1,0
30502111710,0,3,0,0,3,0,0,3,0,3,0,0,0
30502111711,0,3,0,0,3,0,0,3,0,3,0,0,0
30502111712,3,0,0,0,3,0,0,3,0,3,0,0,0
30502111713,0,3,0,0,3,0,0,3,0,3,0,0,0
30502111715,1,1,0,0,2,0,0,2,0,2,0,0,0
30502111716,0,0,8,0,8,0,8,0,0,0,4,4,0
30502111717,3,0,0,0,3,0,0,3,0,3,0,0,0
30502111718,0,3,0,0,3,0,0,3,0,3,0,0,0
30502111719,1,0,0,0,1,1,0,0,0,0,0,1,0
30502111720,1,1,1,0,3,2,0,1,0,3,0,0,0
30502111721,0,0,3,0,3,0,0,3,0,0,3,0,0
30502111723,1,1,0,0,2,0,0,1,1,1,0,0,1
30502111724,4,0,0,0,4,0,1,3,0,0,2,2,0
30502111725,11,0,0,0,11,0,3,8,0,8,0,3,0
30502111726,3,0,0,0,3,0,0,3,0,0,0,3,0
30502111727,1,1,3,0,5,3,1,0,1,0,3,1,1
30502111728,4,0,1,1,6,0,0,6,0,4,1,1,0
30502111729,6,0,5,0,11,0,5,6,0,11,0,0,0
30502111731,3,1,1,0,5,0,0,5,0,4,0,1,0
30502111732,3,0,0,0,3,0,3,0,0,3,0,0,0
30502111733,0,3,0,0,3,0,0,3,0,3,0,0,0
30502111801,0,0,1,0,1,1,0,0,0,1,0,0,0
30502111802,5,2,2,0,9,2,5,2,0,9,0,0,0
30502111803,2,0,4,0,6,0,2,4,0,2,0,4,0
30502111804,6,0,0,0,6,0,2,4,0,2,2,2,0
30502111805,2,0,0,0,2,0,0,2,0,2,0,0,0
30502111806,7,2,0,0,9,0,7,2,0,7,0,2,0
30502111807,0,1,0,0,1,0,0,1,0,1,0,0,0
30502111808,0,3,0,0,3,0,0,0,3,0,0,0,3
30502111810,4,0,0,0,4,0,0,4,0,0,0,4,0
30502111811,0,4,0,0,4,0,0,0,4,0,0,0,4
30502111813,0,15,0,0,15,0,0,10,5,10,0,0,5
30502111814,4,0,0,0,4,0,0,4,0,0,0,4,0
30502111815,0,9,0,0,9,0,0,4,5,4,0,0,5
30503111901,0,1,0,0,1,0,0,1,0,1,0,0,0
30503111904,1,2,0,0,3,0,0,3,0,2,0,1,0
30503111905,0,0,1,0,1,0,0,1,0,1,0,0,0
30503111906,1,0,0,0,1,0,0,1,0,0,0,1,0
30503111907,6,0,0,0,6,0,0,6,0,3,0,3,0
30503111909,3,2,0,0,5,0,0,5,0,5,0,0,0
30503111912,1,0,0,0,1,1,0,0,0,0,1,0,0
30503111913,9,3,0,0,12,1,4,7,0,12,0,0,0
30503112001,2,2,0,0,4,0,0,2,2,2,0,0,2
30503112002,5,0,0,0,5,0,0,5,0,5,0,0,0
30503112003,0,4,0,2,6,0,0,6,0,6,0,0,0
30503112004,0,2,0,0,2,0,0,0,2,0,0,0,2
30503112005,0,2,0,0,2,0,0,2,0,2,0,0,0
30503112006,9,0,0,0,9,0,7,2,0,3,0,6,0
30503112007,2,0,2,0,4,2,0,2,0,4,0,0,0
30503112008,0,3,3,3,9,0,0,9,0,9,0,0,0
30503112009,3,3,0,0,6,0,0,6,0,6,0,0,0
30503112010,4,0,2,0,6,0,2,4,0,4,0,2,0
30503112011,0,6,0,2,8,4,0,4,0,6,0,2,0
30503112012,0,0,0,2,2,2,0,0,0,2,0,0,0
30503112013,2,2,0,0,4,0,0,4,0,4,0,0,0
30503112014,2,2,0,0,4,0,0,4,0,4,0,0,0
30503112016,1,0,0,0,1,0,1,0,0,0,0,1,0
30503112101,0,5,0,0,5,0,0,5,0,5,0,0,0
30503112102,0,3,0,1,4,0,0,4,0,3,1,0,0
30503112103,0,4,0,0,4,0,0,4,0,4,0,0,0
30503112104,2,2,0,0,4,2,0,2,0,4,0,0,0
30503112105,2,0,0,0,2,0,0,2,0,2,0,0,0
30503112106,2,0,0,0,2,0,0,2,0,2,0,0,0
30503112107,3,0,2,0,5,4,1,0,0,5,0,0,0
30503112108,1,1,0,0,2,0,0,2,0,2,0,0,0
30503112109,5,0,0,0,5,0,4,1,0,5,0,0,0
30503112110,1,5,0,0,6,0,1,5,0,6,0,0,0
30503112111,2,1,0,1,4,0,1,3,0,1,0,3,0
30503112112,8,0,0,0,8,2,3,3,0,6,0,2,0
30503112201,1,1,2,0,4,0,2,2,0,4,0,0,0
30503112202,3,2,0,0,5,0,3,2,0,5,0,0,0
30503112203,3,0,0,0,3,0,3,0,0,3,0,0,0
30503112204,2,0,0,0,2,0,2,0,0,2,0,0,0
30503112205,0,3,0,0,3,1,0,2,0,2,1,0,0
30503112207,2,0,0,0,2,2,0,0,0,2,0,0,0
30503112208,1,0,0,0,1,0,1,0,0,1,0,0,0
30503112209,2,2,0,0,4,0,2,2,0,2,2,0,0
30503112210,1,0,0,0,1,0,0,1,0,1,0,0,0
30503112211,2,0,0,0,2,0,1,1,0,2,0,0,0
30503112212,0,4,0,0,4,0,0,4,0,4,0,0,0
30503112213,2,0,0,0,2,0,0,2,0,2,0,0,0
30503112214,0,2,0,0,2,0,0,2,0,2,0,0,0
30503112215,2,8,0,0,10,0,2,2,6,4,0,0,6
30503112216,2,1,0,0,3,0,2,1,0,3,0,0,0
30503112217,6,2,1,0,9,5,1,2,1,2,1,5,1
30503112218,2,6,0,0,8,0,2,0,6,0,0,2,6
30503112219,3,0,0,0,3,0,3,0,0,0,0,3,0
30503112220,0,0,2,0,2,0,2,0,0,0,0,2,0
30503112221,1,0,0,0,1,0,1,0,0,0,0,1,0
30503112222,2,0,2,0,4,4,0,0,0,2,2,0,0
30503112223,2,0,2,0,4,0,4,0,0,0,0,4,0
30503112301,11,1,0,0,12,1,5,6,0,4,3,5,0
30503112302,4,2,0,0,6,0,4,2,0,2,2,2,0
30503112303,5,0,0,0,5,0,0,5,0,2,3,0,0
30503112305,5,1,0,0,6,0,1,5,0,2,3,1,0
30503112306,1,6,0,0,7,0,1,2,4,2,0,1,4
30503112307,5,0,0,0,5,0,0,5,0,5,0,0,0
30503112308,2,4,0,0,6,0,0,6,0,4,0,2,0
30503112309,2,1,0,0,3,0,0,3,0,3,0,0,0
30503112401,0,3,0,0,3,0,0,0,3,0,0,0,3
30503112403,0,3,0,0,3,3,0,0,0,0,3,0,0
30503112404,0,5,0,0,5,0,0,0,5,0,0,0,5
30503112405,2,3,0,0,5,0,0,2,3,2,0,0,3
30503112406,0,8,0,0,8,0,0,2,6,2,0,0,6
30503112407,2,4,0,0,6,0,2,0,4,2,0,0,4
30503112408,4,0,0,0,4,0,2,2,0,4,0,0,0
30503112409,2,0,0,0,2,0,2,0,0,0,0,2,0
30503112411,0,1,0,0,1,0,0,1,0,1,0,0,0
30503112412,1,0,0,0,1,0,1,0,0,0,1,0,0
30503112501,3,0,0,0,3,1,0,2,0,2,0,1,0
30503112502,2,0,0,0,2,0,1,1,0,2,0,0,0
30503112503,0,1,0,0,1,0,0,1,0,1,0,0,0
30503112505,1,1,0,0,2,0,0,2,0,1,0,1,0
30503112506,1,1,0,0,2,0,0,2,0,2,0,0,0
30503112507,0,1,0,0,1,0,0,1,0,1,0,0,0
30503112509,0,1,0,0,1,0,0,1,0,1,0,0,0
30503112510,1,1,0,0,2,0,1,1,0,2,0,0,0
30503112511,2,0,1,0,3,0,0,3,0,2,0,1,0
30503112512,4,1,0,0,5,2,0,3,0,1,0,4,0
30503112513,5,1,0,0,6,0,0,6,0,5,0,1,0
30503112602,15,0,0,0,15,0,0,15,0,15,0,0,0
30503112603,1,0,0,0,1,0,1,0,0,1,0,0,0
30503112604,1,0,5,0,6,0,0,6,0,0,0,6,0
30503112605,0,3,1,6,10,6,0,4,0,4,6,0,0
30503112606,0,10,0,0,10,0,0,6,4,6,0,0,4
30503112607,0,0,3,0,3,3,0,0,0,0,3,0,0
30503112608,4,0,4,0,8,0,0,8,0,4,4,0,0
30503112609,8,0,0,0,8,0,4,4,0,0,0,8,0
30503112610,4,0,0,4,8,4,0,4,0,4,4,0,0
30503112611,0,4,0,0,4,0,0,4,0,4,0,0,0
30503112612,4,12,0,0,16,0,0,16,0,16,0,0,0
30503112613,0,7,0,0,7,0,0,7,0,7,0,0,0
30503112614,3,11,6,0,20,3,3,11,3,8,3,6,3
30503112616,0,4,0,0,4,0,0,0,4,0,0,0,4
30503112617,0,9,0,0,9,0,0,0,9,0,0,0,9
30503112618,0,2,0,0,2,0,0,0,2,0,0,0,2
30503112620,0,1,0,0,1,0,0,0,1,0,0,0,1
30503112621,0,0,4,0,4,0,0,4,0,0,0,4,0
30503112702,0,2,0,0,2,0,0,0,2,0,0,0,2
30503112703,0,6,2,0,8,2,0,6,0,6,0,2,0
30503112704,7,0,0,0,7,0,0,7,0,7,0,0,0
30503112705,5,0,0,0,5,0,5,0,0,0,0,5,0
30503112706,14,2,0,0,16,0,5,11,0,11,0,5,0
30503112708,6,0,6,0,12,0,0,12,0,6,6,0,0
30503112709,6,0,9,0,15,0,0,15,0,15,0,0,0
30503112801,0,2,0,0,2,0,0,0,2,0,0,0,2
30503112804,3,0,0,0,3,3,0,0,0,3,0,0,0
30503112805,2,31,0,0,33,0,1,2,30,3,0,0,30
30503112806,23,0,0,0,23,0,6,17,0,23,0,0,0
30503112807,3,0,0,0,3,0,0,3,0,3,0,0,0
30503112808,6,0,0,0,6,0,0,6,0,6,0,0,0
30503112809,0,1,0,0,1,1,0,0,0,0,1,0,0
30503112810,9,8,3,0,20,0,3,11,6,14,0,0,6
30503112811,6,3,0,0,9,0,0,7,2,7,0,0,2
30503112812,1,0,0,0,1,1,0,0,0,0,0,1,0
30503112813,3,1,0,0,4,1,1,2,0,3,0,1,0
30503112815,0,2,0,1,3,1,0,2,0,2,1,0,0
30503112816,0,4,0,0,4,0,0,2,2,2,0,0,2
30503112817,2,0,0,0,2,0,0,2,0,2,0,0,0
30503112819,2,2,0,0,4,0,0,4,0,4,0,0,0
30503112901,1,2,1,0,4,0,0,4,0,3,0,1,0
30503112902,0,2,0,0,2,0,0,2,0,2,0,0,0
30503112903,0,0,2,0,2,0,1,1,0,2,0,0,0
30503112904,0,1,1,0,2,0,0,2,0,1,1,0,0
30503112905,0,1,0,0,1,0,0,1,0,1,0,0,0
30503112906,0,3,2,0,5,0,1,2,2,3,0,0,2
30503112907,3,0,1,0,4,0,3,1,0,4,0,0,0
30503112908,0,1,1,0,2,0,0,2,0,2,0,0,0
30503112909,0,1,0,0,1,0,0,1,0,1,0,0,0
30503113001,0,7,0,5,12,0,0,5,7,5,0,0,7
30503113002,9,0,0,0,9,0,0,9,0,9,0,0,0
30503113003,10,2,3,6,21,3,0,16,2,9,0,10,2
30503113004,3,10,6,0,19,2,0,13,4,12,0,3,4
30503113006,1,0,0,0,1,0,0,1,0,0,0,1,0
30503113007,10,0,0,0,10,5,0,5,0,0,0,10,0
30503113008,1,0,0,0,1,0,0,1,0,0,0,1,0
30503113009,1,3,0,0,4,0,1,0,3,0,1,0,3
30503113010,1,1,1,0,3,0,1,2,0,3,0,0,0
30503113011,0,1,0,0,1,0,0,1,0,1,0,0,0
30503113013,0,2,0,0,2,0,0,0,2,0,0,0,2
30503113014,6,0,0,0,6,0,0,6,0,0,0,6,0
30503113015,0,7,0,1,8,0,0,8,0,8,0,0,0
30503113101,1,5,0,0,6,0,0,6,0,6,0,0,0
30503113102,6,1,0,0,7,0,0,6,1,6,0,0,1
30503113103,0,1,0,0,1,0,0,0,1,0,0,0,1
30503113104,0,3,0,0,3,0,0,0,3,0,0,0,3
30503113105,1,7,0,0,8,1,0,0,7,0,1,0,7
30503113106,1,0,0,0,1,1,0,0,0,0,1,0,0
30503113108,5,0,0,0,5,0,0,5,0,5,0,0,0
30503113109,0,4,0,0,4,0,0,2,2,2,0,0,2
30503113110,10,2,0,0,12,0,7,5,0,5,5,2,0
30503113112,0,7,0,0,7,0,0,1,6,1,0,0,6
30503113113,0,0,0,1,1,0,0,1,0,1,0,0,0
30503113114,4,0,0,0,4,3,0,1,0,3,1,0,0
30503113115,1,1,0,0,2,0,0,2,0,2,0,0,0
30503113116,2,0,3,0,5,3,0,2,0,5,0,0,0
30503113117,3,0,0,0,3,0,0,3,0,3,0,0,0
30503113119,0,5,0,0,5,0,0,0,5,0,0,0,5
30503113120,1,1,1,1,4,0,1,3,0,4,0,0,0
30503113121,0,5,0,0,5,0,0,4,1,4,0,0,1
30503113122,4,2,2,0,8,2,1,5,0,7,0,1,0
30504113201,0,2,0,0,2,0,0,2,0,2,0,0,0
30504113202,8,0,0,0,8,0,0,8,0,6,0,2,0
30504113203,5,0,0,0,5,0,0,5,0,5,0,0,0
30504113204,14,0,5,0,19,0,0,19,0,19,0,0,0
30504113205,2,0,0,0,2,0,0,2,0,1,1,0,0
30504113206,5,1,0,0,6,0,5,1,0,6,0,0,0
30504113207,10,0,3,0,13,0,0,13,0,13,0,0,0
30504113208,1,2,1,0,4,0,1,2,1,2,0,1,1
30504113209,0,1,1,0,2,1,0,1,0,2,0,0,0
30504113210,6,0,0,0,6,0,0,6,0,6,0,0,0
30504113211,0,5,5,0,10,0,5,5,0,5,0,5,0
30504113212,5,1,0,0,6,0,0,6,0,6,0,0,0
30504113213,2,0,0,0,2,0,0,2,0,2,0,0,0
30504113214,9,0,0,0,9,0,0,9,0,5,4,0,0
30504113216,6,0,0,0,6,0,3,3,0,3,3,0,0
30504113217,3,0,0,0,3,0,0,3,0,3,0,0,0
30504113218,4,4,0,0,8,1,0,7,0,4,1,3,0
30504113219,1,0,0,0,1,0,1,0,0,0,0,1,0
30504113220,1,0,0,0,1,0,0,1,0,0,0,1,0
30504113221,2,1,0,0,3,0,0,3,0,3,0,0,0
30504113222,2,1,0,0,3,1,0,2,0,3,0,0,0
30504113223,1,0,0,0,1,0,1,0,0,1,0,0,0
30504113224,0,1,2,0,3,2,0,0,1,0,2,0,1
30504113225,5,1,2,0,8,2,4,1,1,2,0,5,1
30504113226,3,0,0,0,3,0,1,2,0,2,0,1,0
30504113227,3,0,0,0,3,0,0,3,0,3,0,0,0
30504113229,1,3,0,0,4,0,0,4,0,4,0,0,0
30504113230,10,0,0,0,10,0,3,7,0,10,0,0,0
30504113231,9,4,0,0,13,0,4,5,4,0,0,9,4
30504113301,2,0,0,0,2,0,0,2,0,0,0,2,0
30504113302,0,1,0,0,1,0,0,1,0,1,0,0,0
30504113303,1,1,0,0,2,0,0,2,0,1,0,1,0
30504113304,0,2,1,0,3,0,0,3,0,2,1,0,0
30504113305,0,1,1,0,2,1,0,1,0,2,0,0,0
30504113307,0,7,0,0,7,0,0,0,7,0,0,0,7
30504113309,0,17,0,0,17,0,0,15,2,15,0,0,2
30504113310,0,2,0,0,2,0,0,2,0,2,0,0,0
30504113311,0,2,0,0,2,0,0,0,2,0,0,0,2
30504113312,4,0,0,0,4,0,2,2,0,2,2,0,0
30504113313,1,1,0,0,2,0,0,2,0,2,0,0,0
30504113401,2,0,0,1,3,2,0,1,0,1,1,1,0
30504113402,1,2,0,0,3,0,0,3,0,2,0,1,0
30504113403,4,0,0,0,4,0,0,4,0,3,1,0,0
30504113404,1,0,1,0,2,0,2,0,0,0,2,0,0
30504113405,2,1,0,0,3,0,0,3,0,1,1,1,0
30504113406,2,1,0,0,3,0,0,3,0,3,0,0,0
30504113407,1,0,0,0,1,0,0,1,0,0,1,0,0
30504113408,3,1,1,0,5,0,2,2,1,0,1,3,1
30504113409,6,0,1,0,7,0,5,2,0,7,0,0,0
30504113410,2,0,0,0,2,0,0,2,0,2,0,0,0
30504113411,4,0,0,0,4,0,0,4,0,4,0,0,0
30504113412,0,3,0,0,3,0,2,1,0,3,0,0,0
30504113413,1,3,3,0,7,0,3,4,0,7,0,0,0
30504113414,0,0,2,0,2,1,0,1,0,1,0,1,0
30504113416,1,0,0,0,1,0,1,0,0,0,1,0,0
30504113417,4,2,0,0,6,0,0,6,0,6,0,0,0
30504113418,0,2,2,1,5,2,1,2,0,3,0,2,0
30504113419,3,0,1,1,5,1,1,3,0,2,2,1,0
30504113420,2,0,0,0,2,0,0,2,0,2,0,0,0
30504113421,1,3,0,0,4,0,1,2,1,1,1,1,1
30504113422,4,0,0,0,4,0,1,3,0,2,2,0,0
30504113502,2,0,0,0,2,0,0,2,0,2,0,0,0
30504113504,6,4,0,0,10,3,3,4,0,7,3,0,0
30504113505,3,1,0,0,4,2,1,1,0,0,1,3,0
30504113506,0,0,1,0,1,0,0,1,0,0,1,0,0
30504113507,1,1,0,0,2,1,0,1,0,0,0,2,0
30504113508,4,0,1,0,5,4,0,1,0,5,0,0,0
30504113509,0,1,1,0,2,0,0,2,0,1,0,1,0
30504113510,6,2,0,0,8,2,2,4,0,4,0,4,0
30504113511,0,2,0,0,2,0,0,2,0,2,0,0,0
30504113512,8,0,0,0,8,0,6,2,0,2,0,6,0
30504113513,2,4,0,0,6,0,0,6,0,6,0,0,0
30504113515,0,58,0,17,75,0,0,32,43,32,0,0,43
30504113516,2,6,1,0,9,0,0,8,1,6,0,2,1
30504113517,6,0,0,3,9,0,9,0,0,6,1,2,0
30504113518,2,1,0,0,3,0,1,2,0,1,1,1,0
30504113519,2,3,0,0,5,0,2,3,0,3,2,0,0
30504113520,2,1,0,0,3,0,2,1,0,2,1,0,0
30504113521,5,0,0,0,5,0,0,5,0,3,0,2,0
30504113522,0,1,4,1,6,0,0,6,0,5,0,1,0
30504113523,1,0,2,0,3,0,0,3,0,3,0,0,0
30504113524,1,0,0,0,1,0,0,1,0,1,0,0,0
30504113525,13,6,0,0,19,6,6,7,0,6,6,7,0
30504113601,0,3,0,0,3,0,0,3,0,3,0,0,0
30504113602,1,1,1,0,3,0,1,2,0,1,2,0,0
30504113603,1,1,0,1,3,1,0,2,0,2,1,0,0
30504113604,5,0,1,0,6,0,0,6,0,1,4,1,0
30504113605,3,4,0,0,7,0,3,4,0,4,0,3,0
30504113606,6,0,1,0,7,0,1,6,0,1,1,5,0
30504113607,1,0,1,0,2,0,1,1,0,0,1,1,0
30504113608,1,0,0,0,1,0,0,1,0,1,0,0,0
30504113609,0,4,2,0,6,1,0,4,1,3,1,1,1
30504113610,0,3,0,0,3,0,0,3,0,3,0,0,0
30504113611,0,1,1,0,2,0,1,0,1,1,0,0,1
30504113612,0,9,0,0,9,0,0,4,5,4,0,0,5
30504113613,14,0,0,0,14,5,0,9,0,4,5,5,0
30504113614,4,4,0,0,8,0,4,0,4,4,0,0,4
30504113701,1,0,0,0,1,0,0,1,0,1,0,0,0
30504113702,1,0,0,0,1,1,0,0,0,0,0,1,0
30504113704,4,0,1,0,5,0,1,4,0,2,1,2,0
30504113705,0,2,0,0,2,0,0,2,0,2,0,0,0
30504113706,0,4,4,0,8,2,2,4,0,4,4,0,0
30504113707,2,1,2,0,5,2,2,1,0,3,2,0,0
30504113708,0,4,0,0,4,0,0,4,0,4,0,0,0
30504113709,0,6,2,0,8,0,2,6,0,6,2,0,0
30504113711,1,4,0,1,6,1,0,1,4,0,1,1,4
30504113712,12,3,0,0,15,0,12,0,3,7,5,0,3
30504113714,7,9,0,0,16,0,7,0,9,7,0,0,9
30504113715,12,0,2,0,14,0,12,2,0,12,2,0,0
30504113717,0,0,1,0,1,0,0,1,0,1,0,0,0
30504113718,0,0,1,0,1,0,1,0,0,0,1,0,0
30504113719,2,0,2,0,4,0,2,2,0,2,0,2,0
30504113720,0,3,1,0,4,1,0,3,0,3,1,0,0
30504113721,2,1,1,0,4,1,1,2,0,2,1,1,0
30504113722,0,0,1,0,1,1,0,0,0,1,0,0,0
30504113723,0,0,1,1,2,0,0,2,0,2,0,0,0
30504113724,2,3,0,0,5,0,1,4,0,4,1,0,0
30504113725,0,18,0,0,18,0,0,0,18,0,0,0,18
31001127101,0,0,1,0,1,0,0,1,0,1,0,0,0
31001127102,0,8,1,0,9,0,1,1,7,1,0,1,7
31001127103,1,0,0,0,1,0,0,1,0,1,0,0,0
31001127104,0,0,1,0,1,1,0,0,0,1,0,0,0
31001127105,1,0,0,0,1,0,0,1,0,1,0,0,0
31001127106,1,1,0,0,2,1,0,0,1,0,1,0,1
31001127107,2,0,0,0,2,0,0,2,0,2,0,0,0
31001127108,0,2,0,0,2,0,0,2,0,2,0,0,0
31001127110,1,0,1,0,2,0,1,1,0,1,0,1,0
31001127111,1,1,0,0,2,0,0,1,1,1,0,0,1
31001127113,3,1,0,0,4,0,1,3,0,3,0,1,0
31001127115,0,0,1,0,1,0,0,1,0,1,0,0,0
31001127202,0,2,0,0,2,0,0,2,0,2,0,0,0
31001127203,2,0,0,0,2,0,2,0,0,2,0,0,0
31001127204,1,0,0,0,1,0,1,0,0,1,0,0,0
31001127205,3,0,0,0,3,1,1,1,0,1,0,2,0
31001127206,0,1,0,0,1,0,0,0,1,0,0,0,1
31001127207,2,1,1,0,4,1,0,3,0,2,1,1,0
31001127208,4,0,0,0,4,0,4,0,0,4,0,0,0
31001127209,2,0,0,0,2,0,2,0,0,2,0,0,0
31001127210,3,0,0,0,3,0,0,3,0,3,0,0,0
31001127211,2,0,0,0,2,0,0,2,0,2,0,0,0
31001127212,2,0,0,0,2,0,0,2,0,0,2,0,0
31001127213,1,0,0,0,1,0,0,1,0,1,0,0,0
31001127214,1,0,2,0,3,0,3,0,0,3,0,0,0
31001127215,1,1,0,0,2,1,0,1,0,1,0,1,0
31001127216,3,0,0,0,3,0,0,3,0,3,0,0,0
31001127217,3,0,0,0,3,0,0,3,0,3,0,0,0
31001127304,4,0,0,0,4,0,4,0,0,0,0,4,0
31001127306,1,0,0,0,1,0,1,0,0,0,1,0,0
31001127308,3,0,0,0,3,3,0,0,0,0,3,0,0
31001127309,0,7,0,0,7,0,0,0,7,0,0,0,7
31001127310,2,0,0,0,2,0,2,0,0,2,0,0,0
31001127311,0,0,2,0,2,0,0,2,0,0,0,2,0
31001127313,2,1,0,0,3,0,0,2,1,2,0,0,1
31001127318,2,0,2,0,4,0,0,4,0,4,0,0,0
31001127319,2,0,0,0,2,0,2,0,0,2,0,0,0
31001127320,0,2,0,0,2,0,0,2,0,2,0,0,0
31001127323,10,0,0,0,10,0,5,5,0,10,0,0,0
31001127324,0,0,3,0,3,0,0,3,0,0,3,0,0
31001127325,0,3,0,0,3,0,0,3,0,3,0,0,0
31001127326,0,0,3,0,3,3,0,0,0,0,3,0,0
31001127327,1,0,0,0,1,0,0,1,0,1,0,0,0
31001127331,0,4,0,0,4,0,0,4,0,4,0,0,0
31001127332,4,0,0,0,4,0,4,0,0,4,0,0,0
31001127335,2,0,0,0,2,0,2,0,0,0,0,2,0
31001127337,4,0,0,0,4,0,0,4,0,2,0,2,0
31001127340,4,0,0,0,4,0,4,0,0,4,0,0,0
31001127344,1,0,0,0,1,0,0,1,0,1,0,0,0
31001127347,4,0,0,0,4,0,4,0,0,0,2,2,0
31001127348,0,1,0,0,1,0,0,1,0,1,0,0,0
31001127349,0,0,1,0,1,0,0,1,0,1,0,0,0
31001127351,4,0,0,0,4,0,4,0,0,0,4,0,0
31001127352,0,3,0,0,3,0,0,0,3,0,0,0,3
31001127354,5,0,0,0,5,0,0,5,0,0,5,0,0
31001127356,2,2,0,0,4,0,0,2,2,0,0,2,2
31001127358,5,0,0,0,5,0,0,5,0,5,0,0,0
31001127362,1,1,0,0,2,0,0,1,1,1,0,0,1
31001127363,0,11,0,0,11,0,0,5,6,5,0,0,6
31001127364,2,0,0,0,2,0,1,1,0,0,0,2,0
31001127366,5,0,0,0,5,0,0,5,0,5,0,0,0
31001127367,2,1,0,0,3,0,0,2,1,0,0,2,1
31001127369,0,1,0,0,1,0,0,0,1,0,0,0,1
31001127401,0,1,1,0,2,1,0,0,1,1,0,0,1
31001127402,2,0,1,0,3,0,2,1,0,1,0,2,0
31001127403,0,1,0,0,1,0,0,1,0,1,0,0,0
31001127404,1,0,0,0,1,0,0,1,0,0,0,1,0
31001127405,0,1,0,0,1,0,0,1,0,1,0,0,0
31001127407,0,0,1,0,1,1,0,0,0,0,0,1,0
31001127408,3,6,1,0,10,0,2,2,6,2,0,2,6
31001127409,6,5,4,0,15,2,8,4,1,6,4,4,1
31001127410,3,0,0,0,3,0,0,3,0,3,0,0,0
31001127411,1,1,0,0,2,0,1,1,0,2,0,0,0
31001127412,0,2,0,0,2,0,0,0,2,0,0,0,2
31001127414,0,0,1,0,1,1,0,0,0,1,0,0,0
31001127415,0,4,4,0,8,0,0,8,0,8,0,0,0
31001127416,0,2,0,0,2,0,0,0,2,0,0,0,2
31001127417,4,0,0,0,4,1,1,2,0,4,0,0,0
31001127418,2,0,0,0,2,0,2,0,0,0,2,0,0
31001127420,0,2,3,0,5,0,3,2,0,5,0,0,0
31001127421,0,2,0,0,2,0,0,2,0,2,0,0,0
31001127422,0,4,0,0,4,0,0,4,0,4,0,0,0
31001127423,2,2,0,0,4,0,2,2,0,2,2,0,0
31001127424,0,0,2,0,2,2,0,0,0,0,0,2,0
31001127425,2,0,0,0,2,0,2,0,0,0,2,0,0
31001127426,3,0,0,0,3,0,0,3,0,1,2,0,0
31001127427,9,0,0,0,9,0,3,6,0,6,3,0,0
31001127428,6,0,3,0,9,4,2,3,0,5,0,4,0
31001127429,3,1,0,0,4,0,3,1,0,4,0,0,0
31001127430,3,2,0,0,5,0,1,4,0,5,0,0,0
31001127431,0,1,0,0,1,0,0,1,0,1,0,0,0
31001127432,1,0,0,0,1,0,0,1,0,1,0,0,0
31001127434,2,0,0,0,2,0,1,1,0,0,0,2,0
31001127436,2,1,0,0,3,0,1,2,0,2,0,1,0
31001127437,0,1,0,0,1,0,0,1,0,1,0,0,0
31001127438,2,3,0,0,5,0,0,5,0,5,0,0,0
31001127501,3,3,0,0,6,0,3,0,3,0,0,3,3
31001127502,1,0,1,0,2,0,0,2,0,1,0,1,0
31001127503,3,3,0,0,6,0,3,0,3,0,0,3,3
31001127504,2,1,0,0,3,0,0,3,0,2,0,1,0
31001127505,4,0,7,0,11,0,0,11,0,8,2,1,0
31001127506,0,2,0,0,2,0,0,2,0,2,0,0,0
31001127507,1,0,0,0,1,0,0,1,0,1,0,0,0
31001127508,1,0,0,0,1,0,1,0,0,1,0,0,0
31001127509,1,0,0,0,1,0,0,1,0,1,0,0,0
31001127510,0,1,0,0,1,0,0,1,0,1,0,0,0
31001127511,4,3,1,0,8,1,0,4,3,4,1,0,3
31001127512,0,2,0,0,2,0,0,0,2,0,0,0,2
31001127514,3,1,0,0,4,0,2,2,0,3,0,1,0
31001127515,0,1,0,0,1,0,0,1,0,1,0,0,0
31001127516,1,1,0,0,2,0,1,1,0,2,0,0,0
31001127517,1,0,0,0,1,0,0,1,0,0,0,1,0
31001127601,2,0,2,0,4,2,2,0,0,2,0,2,0
31001127602,4,1,2,0,7,0,2,4,1,4,0,2,1
31001127603,0,0,2,0,2,0,2,0,0,2,0,0,0
31001127604,0,1,0,0,1,0,0,1,0,1,0,0,0
31001127606,0,4,0,0,4,0,0,2,2,2,0,0,2
31001127609,6,0,0,0,6,0,4,2,0,4,2,0,0
31001127610,2,2,0,2,6,2,2,2,0,6,0,0,0
31001127611,4,2,0,0,6,0,2,4,0,6,0,0,0
31004130007,0,4,0,0,4,0,0,0,4,0,0,0,4
31103131217,0,2,0,0,2,0,0,0,2,0,0,0,2
31103131614,0,1,0,0,1,0,0,0,1,0,0,0,1
31103131618,0,1,0,0,1,0,0,0,1,0,0,0,1
31103131620,0,1,0,0,1,0,0,0,1,0,0,0,1
31106133103,0,3,0,0,3,0,0,0,3,0,0,0,3
31106133203,0,3,0,0,3,0,0,0,3,0,0,0,3
31106133204,0,5,0,0,5,0,0,0,5,0,0,0,5
31106133209,0,2,0,0,2,0,0,0,2,0,0,0,2
31106133210,0,4,0,0,4,0,0,0,4,0,0,0,4
31106133224,0,3,0,0,3,0,0,0,3,0,0,0,3
31106133232,0,2,0,0,2,0,0,0,2,0,0,0,2
31106133234,0,3,0,0,3,0,0,0,3,0,0,0,3
31106133501,0,2,0,0,2,0,0,0,2,0,0,0,2
31106133502,0,1,0,0,1,0,0,0,1,0,0,0,1
31106133622,0,2,0,0,2,0,0,0,2,0,0,0,2
31106133623,0,2,0,0,2,0,0,0,2,0,0,0,2
31401138207,0,2,0,0,2,0,0,0,2,0,0,0,2
31401138212,0,2,0,0,2,0,0,0,2,0,0,0,2
31401138234,0,1,0,0,1,0,0,0,1,0,0,0,1
31401138601,0,2,0,0,2,0,0,0,2,0,0,0,2
31401138630,0,2,0,0,2,0,0,0,2,0,0,0,2
31401138635,0,1,0,0,1,0,0,0,1,0,0,0,1
31401138639,0,1,0,0,1,0,0,0,1,0,0,0,1
31401138645,0,3,0,0,3,0,0,0,3,0,0,0,3
31401138646,0,3,0,0,3,0,0,0,3,0,0,0,3
31401138661,0,2,0,0,2,0,0,0,2,0,0,0,2
31403139419,0,2,0,0,2,0,0,0,2,0,0,0,2
